shapeA|shapeB|x_f|y_f|k_f|time_taken
(500, 784)|(784, 256)|2|1|2|0.29680514335632324
(500, 784)|(784, 256)|2|1|3|0.19895124435424805
(500, 784)|(784, 256)|2|1|4|0.28473806381225586
(500, 784)|(784, 256)|2|1|5|0.35558581352233887
(500, 784)|(784, 256)|2|1|6|0.30513691902160645
(500, 784)|(784, 256)|2|1|7|0.24213409423828125
(500, 784)|(784, 256)|2|1|8|0.289121150970459
(500, 784)|(784, 256)|2|1|9|0.2378239631652832
(500, 784)|(784, 256)|2|1|10|0.3781249523162842
(500, 784)|(784, 256)|2|1|11|0.29395008087158203
(500, 784)|(784, 256)|2|1|12|0.28467297554016113
(500, 784)|(784, 256)|2|1|13|0.29731297492980957
(500, 784)|(784, 256)|2|1|14|0.3977360725402832
(500, 784)|(784, 256)|2|1|15|0.2407228946685791
(500, 784)|(784, 256)|2|1|16|0.4215579032897949
(500, 784)|(784, 256)|2|1|17|0.3183927536010742
(500, 784)|(784, 256)|2|1|18|0.28545308113098145
(500, 784)|(784, 256)|2|1|19|0.2739248275756836
(500, 784)|(784, 256)|2|1|20|0.2872347831726074
(500, 784)|(784, 256)|2|1|21|0.2740209102630615
(500, 784)|(784, 256)|2|1|22|0.2698860168457031
(500, 784)|(784, 256)|2|1|23|0.2773427963256836
(500, 784)|(784, 256)|2|1|24|0.20985770225524902
(500, 784)|(784, 256)|2|1|25|0.27216315269470215
(500, 784)|(784, 256)|2|1|26|0.2880890369415283
(500, 784)|(784, 256)|2|1|27|0.21350598335266113
(500, 784)|(784, 256)|2|1|28|0.26999402046203613
(500, 784)|(784, 256)|2|1|29|0.28989601135253906
(500, 784)|(784, 256)|2|1|30|0.30611467361450195
(500, 784)|(784, 256)|2|1|31|0.2845890522003174
(500, 784)|(784, 256)|2|1|32|0.2751929759979248
(500, 784)|(784, 256)|3|1|2|0.2724637985229492
(500, 784)|(784, 256)|3|1|3|0.3294401168823242
(500, 784)|(784, 256)|3|1|4|0.32543206214904785
(500, 784)|(784, 256)|3|1|5|0.2794177532196045
(500, 784)|(784, 256)|3|1|6|0.37882423400878906
(500, 784)|(784, 256)|3|1|7|0.2693519592285156
(500, 784)|(784, 256)|3|1|8|0.2989461421966553
(500, 784)|(784, 256)|3|1|9|0.3499488830566406
(500, 784)|(784, 256)|3|1|10|0.3208739757537842
(500, 784)|(784, 256)|3|1|11|0.28334903717041016
(500, 784)|(784, 256)|3|1|12|0.4054999351501465
(500, 784)|(784, 256)|3|1|13|0.32204103469848633
(500, 784)|(784, 256)|3|1|14|0.36398983001708984
(500, 784)|(784, 256)|3|1|15|0.30579590797424316
(500, 784)|(784, 256)|3|1|16|0.21531081199645996
(500, 784)|(784, 256)|3|1|17|0.3283193111419678
(500, 784)|(784, 256)|3|1|18|0.3136570453643799
(500, 784)|(784, 256)|3|1|19|0.22339320182800293
(500, 784)|(784, 256)|3|1|20|0.2675328254699707
(500, 784)|(784, 256)|3|1|21|0.2829587459564209
(500, 784)|(784, 256)|3|1|22|0.2654383182525635
(500, 784)|(784, 256)|3|1|23|0.3215510845184326
(500, 784)|(784, 256)|3|1|24|0.26896190643310547
(500, 784)|(784, 256)|3|1|25|0.31342434883117676
(500, 784)|(784, 256)|3|1|26|0.3321821689605713
(500, 784)|(784, 256)|3|1|27|0.2728409767150879
(500, 784)|(784, 256)|3|1|28|0.28875112533569336
(500, 784)|(784, 256)|3|1|29|0.2203199863433838
(500, 784)|(784, 256)|3|1|30|0.30415892601013184
(500, 784)|(784, 256)|3|1|31|0.32982397079467773
(500, 784)|(784, 256)|3|1|32|0.30806589126586914
(500, 784)|(784, 256)|3|2|3|0.3187260627746582
(500, 784)|(784, 256)|3|2|4|0.29558706283569336
(500, 784)|(784, 256)|3|2|5|0.29514217376708984
(500, 784)|(784, 256)|3|2|6|0.38692402839660645
(500, 784)|(784, 256)|3|2|7|0.35602307319641113
(500, 784)|(784, 256)|3|2|8|0.3465850353240967
(500, 784)|(784, 256)|3|2|9|0.36929893493652344
(500, 784)|(784, 256)|3|2|10|0.4113929271697998
(500, 784)|(784, 256)|3|2|11|0.2788550853729248
(500, 784)|(784, 256)|3|2|12|0.292252779006958
(500, 784)|(784, 256)|3|2|13|0.2987949848175049
(500, 784)|(784, 256)|3|2|14|0.26615309715270996
(500, 784)|(784, 256)|3|2|15|0.3055586814880371
(500, 784)|(784, 256)|3|2|16|0.2563591003417969
(500, 784)|(784, 256)|3|2|17|0.27595090866088867
(500, 784)|(784, 256)|3|2|18|0.3152129650115967
(500, 784)|(784, 256)|3|2|19|0.2823631763458252
(500, 784)|(784, 256)|3|2|20|0.3111598491668701
(500, 784)|(784, 256)|3|2|21|0.27933502197265625
(500, 784)|(784, 256)|3|2|22|0.2800278663635254
(500, 784)|(784, 256)|3|2|23|0.31506991386413574
(500, 784)|(784, 256)|3|2|24|0.31789684295654297
(500, 784)|(784, 256)|3|2|25|0.21627283096313477
(500, 784)|(784, 256)|3|2|26|0.2590160369873047
(500, 784)|(784, 256)|3|2|27|0.2606651782989502
(500, 784)|(784, 256)|3|2|28|0.21894407272338867
(500, 784)|(784, 256)|3|2|29|0.3464851379394531
(500, 784)|(784, 256)|3|2|30|0.2596549987792969
(500, 784)|(784, 256)|3|2|31|0.26451706886291504
(500, 784)|(784, 256)|3|2|32|0.2681727409362793
(500, 784)|(784, 256)|4|1|2|0.24645233154296875
(500, 784)|(784, 256)|4|1|3|0.33707308769226074
(500, 784)|(784, 256)|4|1|4|0.32569193840026855
(500, 784)|(784, 256)|4|1|5|0.2789912223815918
(500, 784)|(784, 256)|4|1|6|0.27451491355895996
(500, 784)|(784, 256)|4|1|7|0.37322187423706055
(500, 784)|(784, 256)|4|1|8|0.3523702621459961
(500, 784)|(784, 256)|4|1|9|0.3585820198059082
(500, 784)|(784, 256)|4|1|10|0.33322811126708984
(500, 784)|(784, 256)|4|1|11|0.3239569664001465
(500, 784)|(784, 256)|4|1|12|0.329878568649292
(500, 784)|(784, 256)|4|1|13|0.23392415046691895
(500, 784)|(784, 256)|4|1|14|0.29678988456726074
(500, 784)|(784, 256)|4|1|15|0.2510678768157959
(500, 784)|(784, 256)|4|1|16|0.3356208801269531
(500, 784)|(784, 256)|4|1|17|0.24298906326293945
(500, 784)|(784, 256)|4|1|18|0.2334740161895752
(500, 784)|(784, 256)|4|1|19|0.2991969585418701
(500, 784)|(784, 256)|4|1|20|0.30541491508483887
(500, 784)|(784, 256)|4|1|21|0.23382973670959473
(500, 784)|(784, 256)|4|1|22|0.2981879711151123
(500, 784)|(784, 256)|4|1|23|0.2984199523925781
(500, 784)|(784, 256)|4|1|24|0.24524283409118652
(500, 784)|(784, 256)|4|1|25|0.27849292755126953
(500, 784)|(784, 256)|4|1|26|0.3020820617675781
(500, 784)|(784, 256)|4|1|27|0.21929001808166504
(500, 784)|(784, 256)|4|1|28|0.27278804779052734
(500, 784)|(784, 256)|4|1|29|0.2626190185546875
(500, 784)|(784, 256)|4|1|30|0.25121521949768066
(500, 784)|(784, 256)|4|1|31|0.19953417778015137
(500, 784)|(784, 256)|4|1|32|0.3116118907928467
(500, 784)|(784, 256)|4|2|3|0.28430914878845215
(500, 784)|(784, 256)|4|2|4|0.23905611038208008
(500, 784)|(784, 256)|4|2|5|0.36591386795043945
(500, 784)|(784, 256)|4|2|6|0.33309102058410645
(500, 784)|(784, 256)|4|2|7|0.27506589889526367
(500, 784)|(784, 256)|4|2|8|0.27429771423339844
(500, 784)|(784, 256)|4|2|9|0.3135683536529541
(500, 784)|(784, 256)|4|2|10|0.36356592178344727
(500, 784)|(784, 256)|4|2|11|0.2456820011138916
(500, 784)|(784, 256)|4|2|12|0.30063891410827637
(500, 784)|(784, 256)|4|2|13|0.2601349353790283
(500, 784)|(784, 256)|4|2|14|0.36676502227783203
(500, 784)|(784, 256)|4|2|15|0.2645912170410156
(500, 784)|(784, 256)|4|2|16|0.38436102867126465
(500, 784)|(784, 256)|4|2|17|0.2660360336303711
(500, 784)|(784, 256)|4|2|18|0.24021196365356445
(500, 784)|(784, 256)|4|2|19|0.28143787384033203
(500, 784)|(784, 256)|4|2|20|0.2895631790161133
(500, 784)|(784, 256)|4|2|21|0.3095879554748535
(500, 784)|(784, 256)|4|2|22|0.2502861022949219
(500, 784)|(784, 256)|4|2|23|0.26058197021484375
(500, 784)|(784, 256)|4|2|24|0.2488701343536377
(500, 784)|(784, 256)|4|2|25|0.315598726272583
(500, 784)|(784, 256)|4|2|26|0.30237436294555664
(500, 784)|(784, 256)|4|2|27|0.3180699348449707
(500, 784)|(784, 256)|4|2|28|0.2570521831512451
(500, 784)|(784, 256)|4|2|29|0.2791171073913574
(500, 784)|(784, 256)|4|2|30|0.2355480194091797
(500, 784)|(784, 256)|4|2|31|0.2708609104156494
(500, 784)|(784, 256)|4|2|32|0.3422379493713379
(500, 784)|(784, 256)|4|3|4|0.40578699111938477
(500, 784)|(784, 256)|4|3|5|0.3661379814147949
(500, 784)|(784, 256)|4|3|6|0.3573639392852783
(500, 784)|(784, 256)|4|3|7|0.2797088623046875
(500, 784)|(784, 256)|4|3|8|0.304340124130249
(500, 784)|(784, 256)|4|3|9|0.2910027503967285
(500, 784)|(784, 256)|4|3|10|0.3847689628601074
(500, 784)|(784, 256)|4|3|11|0.29814791679382324
(500, 784)|(784, 256)|4|3|12|0.2967250347137451
(500, 784)|(784, 256)|4|3|13|0.3261382579803467
(500, 784)|(784, 256)|4|3|14|0.33646392822265625
(500, 784)|(784, 256)|4|3|15|0.3004271984100342
(500, 784)|(784, 256)|4|3|16|0.3337421417236328
(500, 784)|(784, 256)|4|3|17|0.287229061126709
(500, 784)|(784, 256)|4|3|18|0.3350391387939453
(500, 784)|(784, 256)|4|3|19|0.3237471580505371
(500, 784)|(784, 256)|4|3|20|0.31635475158691406
(500, 784)|(784, 256)|4|3|21|0.3674030303955078
(500, 784)|(784, 256)|4|3|22|0.33132433891296387
(500, 784)|(784, 256)|4|3|23|0.3117380142211914
(500, 784)|(784, 256)|4|3|24|0.33072805404663086
(500, 784)|(784, 256)|4|3|25|0.35050177574157715
(500, 784)|(784, 256)|4|3|26|0.3546102046966553
(500, 784)|(784, 256)|4|3|27|0.2611970901489258
(500, 784)|(784, 256)|4|3|28|0.2996079921722412
(500, 784)|(784, 256)|4|3|29|0.3548150062561035
(500, 784)|(784, 256)|4|3|30|0.2639448642730713
(500, 784)|(784, 256)|4|3|31|0.31683897972106934
(500, 784)|(784, 256)|4|3|32|0.2756080627441406
(500, 784)|(784, 256)|5|1|2|0.276561975479126
(500, 784)|(784, 256)|5|1|3|0.24057221412658691
(500, 784)|(784, 256)|5|1|4|0.2684347629547119
(500, 784)|(784, 256)|5|1|5|0.3191652297973633
(500, 784)|(784, 256)|5|1|6|0.2641468048095703
(500, 784)|(784, 256)|5|1|7|0.34272003173828125
(500, 784)|(784, 256)|5|1|8|0.325275182723999
(500, 784)|(784, 256)|5|1|9|0.3626880645751953
(500, 784)|(784, 256)|5|1|10|0.34813594818115234
(500, 784)|(784, 256)|5|1|11|0.3670918941497803
(500, 784)|(784, 256)|5|1|12|0.3957219123840332
(500, 784)|(784, 256)|5|1|13|0.32553982734680176
(500, 784)|(784, 256)|5|1|14|0.31955599784851074
(500, 784)|(784, 256)|5|1|15|0.2434859275817871
(500, 784)|(784, 256)|5|1|16|0.3471109867095947
(500, 784)|(784, 256)|5|1|17|0.26270294189453125
(500, 784)|(784, 256)|5|1|18|0.3372159004211426
(500, 784)|(784, 256)|5|1|19|0.2545812129974365
(500, 784)|(784, 256)|5|1|20|0.23833394050598145
(500, 784)|(784, 256)|5|1|21|0.25523900985717773
(500, 784)|(784, 256)|5|1|22|0.2762002944946289
(500, 784)|(784, 256)|5|1|23|0.26766395568847656
(500, 784)|(784, 256)|5|1|24|0.22991204261779785
(500, 784)|(784, 256)|5|1|25|0.30937695503234863
(500, 784)|(784, 256)|5|1|26|0.2862248420715332
(500, 784)|(784, 256)|5|1|27|0.3001980781555176
(500, 784)|(784, 256)|5|1|28|0.3278319835662842
(500, 784)|(784, 256)|5|1|29|0.24134016036987305
(500, 784)|(784, 256)|5|1|30|0.2329568862915039
(500, 784)|(784, 256)|5|1|31|0.26951098442077637
(500, 784)|(784, 256)|5|1|32|0.2542130947113037
(500, 784)|(784, 256)|5|2|3|0.29167819023132324
(500, 784)|(784, 256)|5|2|4|0.3075227737426758
(500, 784)|(784, 256)|5|2|5|0.2833900451660156
(500, 784)|(784, 256)|5|2|6|0.3166377544403076
(500, 784)|(784, 256)|5|2|7|0.27824997901916504
(500, 784)|(784, 256)|5|2|8|0.2659950256347656
(500, 784)|(784, 256)|5|2|9|0.32083702087402344
(500, 784)|(784, 256)|5|2|10|0.3786129951477051
(500, 784)|(784, 256)|5|2|11|0.3262181282043457
(500, 784)|(784, 256)|5|2|12|0.3031489849090576
(500, 784)|(784, 256)|5|2|13|0.26247620582580566
(500, 784)|(784, 256)|5|2|14|0.3578500747680664
(500, 784)|(784, 256)|5|2|15|0.3392200469970703
(500, 784)|(784, 256)|5|2|16|0.327955961227417
(500, 784)|(784, 256)|5|2|17|0.3474917411804199
(500, 784)|(784, 256)|5|2|18|0.22864937782287598
(500, 784)|(784, 256)|5|2|19|0.2530097961425781
(500, 784)|(784, 256)|5|2|20|0.2723877429962158
(500, 784)|(784, 256)|5|2|21|0.30204224586486816
(500, 784)|(784, 256)|5|2|22|0.2428300380706787
(500, 784)|(784, 256)|5|2|23|0.2918992042541504
(500, 784)|(784, 256)|5|2|24|0.2565639019012451
(500, 784)|(784, 256)|5|2|25|0.23123884201049805
(500, 784)|(784, 256)|5|2|26|0.22983288764953613
(500, 784)|(784, 256)|5|2|27|0.2700231075286865
(500, 784)|(784, 256)|5|2|28|0.2306358814239502
(500, 784)|(784, 256)|5|2|29|0.28130507469177246
(500, 784)|(784, 256)|5|2|30|0.31153202056884766
(500, 784)|(784, 256)|5|2|31|0.2745840549468994
(500, 784)|(784, 256)|5|2|32|0.32529211044311523
(500, 784)|(784, 256)|5|3|4|0.41638994216918945
(500, 784)|(784, 256)|5|3|5|0.3804359436035156
(500, 784)|(784, 256)|5|3|6|0.3189961910247803
(500, 784)|(784, 256)|5|3|7|0.3040907382965088
(500, 784)|(784, 256)|5|3|8|0.3998839855194092
(500, 784)|(784, 256)|5|3|9|0.3364269733428955
(500, 784)|(784, 256)|5|3|10|0.3673088550567627
(500, 784)|(784, 256)|5|3|11|0.33498096466064453
(500, 784)|(784, 256)|5|3|12|0.3203599452972412
(500, 784)|(784, 256)|5|3|13|0.35842275619506836
(500, 784)|(784, 256)|5|3|14|0.35616421699523926
(500, 784)|(784, 256)|5|3|15|0.3879706859588623
(500, 784)|(784, 256)|5|3|16|0.31676483154296875
(500, 784)|(784, 256)|5|3|17|0.36194396018981934
(500, 784)|(784, 256)|5|3|18|0.3429718017578125
(500, 784)|(784, 256)|5|3|19|0.4058952331542969
(500, 784)|(784, 256)|5|3|20|0.3156239986419678
(500, 784)|(784, 256)|5|3|21|0.3355588912963867
(500, 784)|(784, 256)|5|3|22|0.33797192573547363
(500, 784)|(784, 256)|5|3|23|0.3331928253173828
(500, 784)|(784, 256)|5|3|24|0.30690789222717285
(500, 784)|(784, 256)|5|3|25|0.3449380397796631
(500, 784)|(784, 256)|5|3|26|0.36164093017578125
(500, 784)|(784, 256)|5|3|27|0.3164103031158447
(500, 784)|(784, 256)|5|3|28|0.37690281867980957
(500, 784)|(784, 256)|5|3|29|0.30177998542785645
(500, 784)|(784, 256)|5|3|30|0.32100391387939453
(500, 784)|(784, 256)|5|3|31|0.3821530342102051
(500, 784)|(784, 256)|5|3|32|0.3574190139770508
(500, 784)|(784, 256)|5|4|5|0.30019307136535645
(500, 784)|(784, 256)|5|4|6|0.3724179267883301
(500, 784)|(784, 256)|5|4|7|0.28925204277038574
(500, 784)|(784, 256)|5|4|8|0.2922821044921875
(500, 784)|(784, 256)|5|4|9|0.3365030288696289
(500, 784)|(784, 256)|5|4|10|0.22509503364562988
(500, 784)|(784, 256)|5|4|11|0.2938969135284424
(500, 784)|(784, 256)|5|4|12|0.28984880447387695
(500, 784)|(784, 256)|5|4|13|0.3028879165649414
(500, 784)|(784, 256)|5|4|14|0.39927077293395996
(500, 784)|(784, 256)|5|4|15|0.24956512451171875
(500, 784)|(784, 256)|5|4|16|0.34430527687072754
(500, 784)|(784, 256)|5|4|17|0.33521413803100586
(500, 784)|(784, 256)|5|4|18|0.2561659812927246
(500, 784)|(784, 256)|5|4|19|0.3363971710205078
(500, 784)|(784, 256)|5|4|20|0.2517218589782715
(500, 784)|(784, 256)|5|4|21|0.35154104232788086
(500, 784)|(784, 256)|5|4|22|0.2535078525543213
(500, 784)|(784, 256)|5|4|23|0.3105170726776123
(500, 784)|(784, 256)|5|4|24|0.2579159736633301
(500, 784)|(784, 256)|5|4|25|0.29795408248901367
(500, 784)|(784, 256)|5|4|26|0.27033281326293945
(500, 784)|(784, 256)|5|4|27|0.31154799461364746
(500, 784)|(784, 256)|5|4|28|0.34137511253356934
(500, 784)|(784, 256)|5|4|29|0.31626081466674805
(500, 784)|(784, 256)|5|4|30|0.31246280670166016
(500, 784)|(784, 256)|5|4|31|0.3088340759277344
(500, 784)|(784, 256)|5|4|32|0.31708693504333496
(500, 784)|(784, 256)|6|1|2|0.29586291313171387
(500, 784)|(784, 256)|6|1|3|0.29807329177856445
(500, 784)|(784, 256)|6|1|4|0.2891409397125244
(500, 784)|(784, 256)|6|1|5|0.27263903617858887
(500, 784)|(784, 256)|6|1|6|0.2933330535888672
(500, 784)|(784, 256)|6|1|7|0.34673619270324707
(500, 784)|(784, 256)|6|1|8|0.27767491340637207
(500, 784)|(784, 256)|6|1|9|0.3447248935699463
(500, 784)|(784, 256)|6|1|10|0.3333718776702881
(500, 784)|(784, 256)|6|1|11|0.34735894203186035
(500, 784)|(784, 256)|6|1|12|0.3339991569519043
(500, 784)|(784, 256)|6|1|13|0.30692005157470703
(500, 784)|(784, 256)|6|1|14|0.2835547924041748
(500, 784)|(784, 256)|6|1|15|0.30591702461242676
(500, 784)|(784, 256)|6|1|16|0.3077881336212158
(500, 784)|(784, 256)|6|1|17|0.29245591163635254
(500, 784)|(784, 256)|6|1|18|0.2892448902130127
(500, 784)|(784, 256)|6|1|19|0.27150392532348633
(500, 784)|(784, 256)|6|1|20|0.3129231929779053
(500, 784)|(784, 256)|6|1|21|0.28915882110595703
(500, 784)|(784, 256)|6|1|22|0.28850889205932617
(500, 784)|(784, 256)|6|1|23|0.3305220603942871
(500, 784)|(784, 256)|6|1|24|0.2254321575164795
(500, 784)|(784, 256)|6|1|25|0.2646920680999756
(500, 784)|(784, 256)|6|1|26|0.22704696655273438
(500, 784)|(784, 256)|6|1|27|0.3171820640563965
(500, 784)|(784, 256)|6|1|28|0.31740689277648926
(500, 784)|(784, 256)|6|1|29|0.2437281608581543
(500, 784)|(784, 256)|6|1|30|0.3103358745574951
(500, 784)|(784, 256)|6|1|31|0.31247711181640625
(500, 784)|(784, 256)|6|1|32|0.3264150619506836
(500, 784)|(784, 256)|6|2|3|0.32337188720703125
(500, 784)|(784, 256)|6|2|4|0.2919280529022217
(500, 784)|(784, 256)|6|2|5|0.3282487392425537
(500, 784)|(784, 256)|6|2|6|0.3706068992614746
(500, 784)|(784, 256)|6|2|7|0.3124101161956787
(500, 784)|(784, 256)|6|2|8|0.3383138179779053
(500, 784)|(784, 256)|6|2|9|0.3921082019805908
(500, 784)|(784, 256)|6|2|10|0.3657808303833008
(500, 784)|(784, 256)|6|2|11|0.3068511486053467
(500, 784)|(784, 256)|6|2|12|0.2981290817260742
(500, 784)|(784, 256)|6|2|13|0.2712099552154541
(500, 784)|(784, 256)|6|2|14|0.31244802474975586
(500, 784)|(784, 256)|6|2|15|0.3206636905670166
(500, 784)|(784, 256)|6|2|16|0.28772616386413574
(500, 784)|(784, 256)|6|2|17|0.3149421215057373
(500, 784)|(784, 256)|6|2|18|0.3197178840637207
(500, 784)|(784, 256)|6|2|19|0.275097131729126
(500, 784)|(784, 256)|6|2|20|0.2533891201019287
(500, 784)|(784, 256)|6|2|21|0.36510419845581055
(500, 784)|(784, 256)|6|2|22|0.4631690979003906
(500, 784)|(784, 256)|6|2|23|0.29749560356140137
(500, 784)|(784, 256)|6|2|24|0.29764294624328613
(500, 784)|(784, 256)|6|2|25|0.2425217628479004
(500, 784)|(784, 256)|6|2|26|0.3002018928527832
(500, 784)|(784, 256)|6|2|27|0.29659199714660645
(500, 784)|(784, 256)|6|2|28|0.23223280906677246
(500, 784)|(784, 256)|6|2|29|0.31709909439086914
(500, 784)|(784, 256)|6|2|30|0.25937390327453613
(500, 784)|(784, 256)|6|2|31|0.2823002338409424
(500, 784)|(784, 256)|6|2|32|0.2962009906768799
(500, 784)|(784, 256)|6|3|4|0.357957124710083
(500, 784)|(784, 256)|6|3|5|0.3278820514678955
(500, 784)|(784, 256)|6|3|6|0.3232760429382324
(500, 784)|(784, 256)|6|3|7|0.3358480930328369
(500, 784)|(784, 256)|6|3|8|0.27084994316101074
(500, 784)|(784, 256)|6|3|9|0.398374080657959
(500, 784)|(784, 256)|6|3|10|0.2938239574432373
(500, 784)|(784, 256)|6|3|11|0.3452279567718506
(500, 784)|(784, 256)|6|3|12|0.3177151679992676
(500, 784)|(784, 256)|6|3|13|0.3442859649658203
(500, 784)|(784, 256)|6|3|14|0.3892369270324707
(500, 784)|(784, 256)|6|3|15|0.34206700325012207
(500, 784)|(784, 256)|6|3|16|0.34732818603515625
(500, 784)|(784, 256)|6|3|17|0.31474804878234863
(500, 784)|(784, 256)|6|3|18|0.3258056640625
(500, 784)|(784, 256)|6|3|19|0.3214390277862549
(500, 784)|(784, 256)|6|3|20|0.3082451820373535
(500, 784)|(784, 256)|6|3|21|0.3452420234680176
(500, 784)|(784, 256)|6|3|22|0.3297390937805176
(500, 784)|(784, 256)|6|3|23|0.33921098709106445
(500, 784)|(784, 256)|6|3|24|0.33716821670532227
(500, 784)|(784, 256)|6|3|25|0.3265538215637207
(500, 784)|(784, 256)|6|3|26|0.39122700691223145
(500, 784)|(784, 256)|6|3|27|0.39314770698547363
(500, 784)|(784, 256)|6|3|28|0.31812286376953125
(500, 784)|(784, 256)|6|3|29|0.3136110305786133
(500, 784)|(784, 256)|6|3|30|0.29337191581726074
(500, 784)|(784, 256)|6|3|31|0.3988070487976074
(500, 784)|(784, 256)|6|3|32|0.3266422748565674
(500, 784)|(784, 256)|6|4|5|0.31926512718200684
(500, 784)|(784, 256)|6|4|6|0.32561516761779785
(500, 784)|(784, 256)|6|4|7|0.34449100494384766
(500, 784)|(784, 256)|6|4|8|0.3408992290496826
(500, 784)|(784, 256)|6|4|9|0.3426389694213867
(500, 784)|(784, 256)|6|4|10|0.44225311279296875
(500, 784)|(784, 256)|6|4|11|0.24526619911193848
(500, 784)|(784, 256)|6|4|12|0.3439469337463379
(500, 784)|(784, 256)|6|4|13|0.3555159568786621
(500, 784)|(784, 256)|6|4|14|0.3148329257965088
(500, 784)|(784, 256)|6|4|15|0.3233952522277832
(500, 784)|(784, 256)|6|4|16|0.343674898147583
(500, 784)|(784, 256)|6|4|17|0.2266559600830078
(500, 784)|(784, 256)|6|4|18|0.28760194778442383
(500, 784)|(784, 256)|6|4|19|0.29180169105529785
(500, 784)|(784, 256)|6|4|20|0.3440849781036377
(500, 784)|(784, 256)|6|4|21|0.28179001808166504
(500, 784)|(784, 256)|6|4|22|0.30730295181274414
(500, 784)|(784, 256)|6|4|23|0.3164980411529541
(500, 784)|(784, 256)|6|4|24|0.34428906440734863
(500, 784)|(784, 256)|6|4|25|0.3205289840698242
(500, 784)|(784, 256)|6|4|26|0.3152809143066406
(500, 784)|(784, 256)|6|4|27|0.34671878814697266
(500, 784)|(784, 256)|6|4|28|0.28238797187805176
(500, 784)|(784, 256)|6|4|29|0.27248692512512207
(500, 784)|(784, 256)|6|4|30|0.33012986183166504
(500, 784)|(784, 256)|6|4|31|0.2654438018798828
(500, 784)|(784, 256)|6|4|32|0.32171106338500977
(500, 784)|(784, 256)|6|5|6|0.44725704193115234
(500, 784)|(784, 256)|6|5|7|0.39336299896240234
(500, 784)|(784, 256)|6|5|8|0.3894169330596924
(500, 784)|(784, 256)|6|5|9|0.413909912109375
(500, 784)|(784, 256)|6|5|10|0.4306821823120117
(500, 784)|(784, 256)|6|5|11|0.40225887298583984
(500, 784)|(784, 256)|6|5|12|0.37626194953918457
(500, 784)|(784, 256)|6|5|13|0.32038283348083496
(500, 784)|(784, 256)|6|5|14|0.3717207908630371
(500, 784)|(784, 256)|6|5|15|0.3849489688873291
(500, 784)|(784, 256)|6|5|16|0.3655123710632324
(500, 784)|(784, 256)|6|5|17|0.3903050422668457
(500, 784)|(784, 256)|6|5|18|0.43734288215637207
(500, 784)|(784, 256)|6|5|19|0.368333101272583
(500, 784)|(784, 256)|6|5|20|0.41594409942626953
(500, 784)|(784, 256)|6|5|21|0.42477917671203613
(500, 784)|(784, 256)|6|5|22|0.30110812187194824
(500, 784)|(784, 256)|6|5|23|0.31004810333251953
(500, 784)|(784, 256)|6|5|24|0.40067195892333984
(500, 784)|(784, 256)|6|5|25|0.42150187492370605
(500, 784)|(784, 256)|6|5|26|0.4090590476989746
(500, 784)|(784, 256)|6|5|27|0.3054368495941162
(500, 784)|(784, 256)|6|5|28|0.37436509132385254
(500, 784)|(784, 256)|6|5|29|0.4223148822784424
(500, 784)|(784, 256)|6|5|30|0.32564592361450195
(500, 784)|(784, 256)|6|5|31|0.34705066680908203
(500, 784)|(784, 256)|6|5|32|0.41469287872314453
(500, 784)|(784, 256)|7|1|2|0.32276296615600586
(500, 784)|(784, 256)|7|1|3|0.22694993019104004
(500, 784)|(784, 256)|7|1|4|0.2582108974456787
(500, 784)|(784, 256)|7|1|5|0.32321619987487793
(500, 784)|(784, 256)|7|1|6|0.2983682155609131
(500, 784)|(784, 256)|7|1|7|0.31770896911621094
(500, 784)|(784, 256)|7|1|8|0.2701289653778076
(500, 784)|(784, 256)|7|1|9|0.2822730541229248
(500, 784)|(784, 256)|7|1|10|0.32958507537841797
(500, 784)|(784, 256)|7|1|11|0.4101700782775879
(500, 784)|(784, 256)|7|1|12|0.41526079177856445
(500, 784)|(784, 256)|7|1|13|0.266664981842041
(500, 784)|(784, 256)|7|1|14|0.4181640148162842
(500, 784)|(784, 256)|7|1|15|0.3052558898925781
(500, 784)|(784, 256)|7|1|16|0.29981517791748047
(500, 784)|(784, 256)|7|1|17|0.26286983489990234
(500, 784)|(784, 256)|7|1|18|0.26744699478149414
(500, 784)|(784, 256)|7|1|19|0.2745349407196045
(500, 784)|(784, 256)|7|1|20|0.3403928279876709
(500, 784)|(784, 256)|7|1|21|0.26523709297180176
(500, 784)|(784, 256)|7|1|22|0.2813091278076172
(500, 784)|(784, 256)|7|1|23|0.3120708465576172
(500, 784)|(784, 256)|7|1|24|0.2840738296508789
(500, 784)|(784, 256)|7|1|25|0.26493024826049805
(500, 784)|(784, 256)|7|1|26|0.2938048839569092
(500, 784)|(784, 256)|7|1|27|0.2747819423675537
(500, 784)|(784, 256)|7|1|28|0.26738715171813965
(500, 784)|(784, 256)|7|1|29|0.306793212890625
(500, 784)|(784, 256)|7|1|30|0.3046247959136963
(500, 784)|(784, 256)|7|1|31|0.28531813621520996
(500, 784)|(784, 256)|7|1|32|0.29202723503112793
(500, 784)|(784, 256)|7|2|3|0.2214362621307373
(500, 784)|(784, 256)|7|2|4|0.3096911907196045
(500, 784)|(784, 256)|7|2|5|0.2661111354827881
(500, 784)|(784, 256)|7|2|6|0.3280649185180664
(500, 784)|(784, 256)|7|2|7|0.32988905906677246
(500, 784)|(784, 256)|7|2|8|0.364271879196167
(500, 784)|(784, 256)|7|2|9|0.363415002822876
(500, 784)|(784, 256)|7|2|10|0.3668699264526367
(500, 784)|(784, 256)|7|2|11|0.25664782524108887
(500, 784)|(784, 256)|7|2|12|0.23752403259277344
(500, 784)|(784, 256)|7|2|13|0.21931791305541992
(500, 784)|(784, 256)|7|2|14|0.30190086364746094
(500, 784)|(784, 256)|7|2|15|0.30406713485717773
(500, 784)|(784, 256)|7|2|16|0.2500479221343994
(500, 784)|(784, 256)|7|2|17|0.26640892028808594
(500, 784)|(784, 256)|7|2|18|0.30389904975891113
(500, 784)|(784, 256)|7|2|19|0.32079386711120605
(500, 784)|(784, 256)|7|2|20|0.2802700996398926
(500, 784)|(784, 256)|7|2|21|0.25583577156066895
(500, 784)|(784, 256)|7|2|22|0.3344728946685791
(500, 784)|(784, 256)|7|2|23|0.2652618885040283
(500, 784)|(784, 256)|7|2|24|0.2656550407409668
(500, 784)|(784, 256)|7|2|25|0.301037073135376
(500, 784)|(784, 256)|7|2|26|0.29381680488586426
(500, 784)|(784, 256)|7|2|27|0.3304860591888428
(500, 784)|(784, 256)|7|2|28|0.2940480709075928
(500, 784)|(784, 256)|7|2|29|0.3066117763519287
(500, 784)|(784, 256)|7|2|30|0.2870979309082031
(500, 784)|(784, 256)|7|2|31|0.31275105476379395
(500, 784)|(784, 256)|7|2|32|0.27789998054504395
(500, 784)|(784, 256)|7|3|4|0.39095592498779297
(500, 784)|(784, 256)|7|3|5|0.348430871963501
(500, 784)|(784, 256)|7|3|6|0.26783108711242676
(500, 784)|(784, 256)|7|3|7|0.291856050491333
(500, 784)|(784, 256)|7|3|8|0.302440881729126
(500, 784)|(784, 256)|7|3|9|0.3824889659881592
(500, 784)|(784, 256)|7|3|10|0.3046393394470215
(500, 784)|(784, 256)|7|3|11|0.39185309410095215
(500, 784)|(784, 256)|7|3|12|0.3070693016052246
(500, 784)|(784, 256)|7|3|13|0.31655025482177734
(500, 784)|(784, 256)|7|3|14|0.36739492416381836
(500, 784)|(784, 256)|7|3|15|0.34911203384399414
(500, 784)|(784, 256)|7|3|16|0.33290696144104004
(500, 784)|(784, 256)|7|3|17|0.3582131862640381
(500, 784)|(784, 256)|7|3|18|0.3927288055419922
(500, 784)|(784, 256)|7|3|19|0.35323405265808105
(500, 784)|(784, 256)|7|3|20|0.25359201431274414
(500, 784)|(784, 256)|7|3|21|0.34383296966552734
(500, 784)|(784, 256)|7|3|22|0.37250804901123047
(500, 784)|(784, 256)|7|3|23|0.29538488388061523
(500, 784)|(784, 256)|7|3|24|0.30638790130615234
(500, 784)|(784, 256)|7|3|25|0.3446810245513916
(500, 784)|(784, 256)|7|3|26|0.34005117416381836
(500, 784)|(784, 256)|7|3|27|0.3757741451263428
(500, 784)|(784, 256)|7|3|28|0.3703799247741699
(500, 784)|(784, 256)|7|3|29|0.40103697776794434
(500, 784)|(784, 256)|7|3|30|0.3366858959197998
(500, 784)|(784, 256)|7|3|31|0.4002659320831299
(500, 784)|(784, 256)|7|3|32|0.29166412353515625
(500, 784)|(784, 256)|7|4|5|0.2579941749572754
(500, 784)|(784, 256)|7|4|6|0.29920172691345215
(500, 784)|(784, 256)|7|4|7|0.46406102180480957
(500, 784)|(784, 256)|7|4|8|0.35738706588745117
(500, 784)|(784, 256)|7|4|9|0.344851016998291
(500, 784)|(784, 256)|7|4|10|0.319425106048584
(500, 784)|(784, 256)|7|4|11|0.2939479351043701
(500, 784)|(784, 256)|7|4|12|0.40373826026916504
(500, 784)|(784, 256)|7|4|13|0.30095791816711426
(500, 784)|(784, 256)|7|4|14|0.30904078483581543
(500, 784)|(784, 256)|7|4|15|0.29780006408691406
(500, 784)|(784, 256)|7|4|16|0.2893509864807129
(500, 784)|(784, 256)|7|4|17|0.31363701820373535
(500, 784)|(784, 256)|7|4|18|0.32952189445495605
(500, 784)|(784, 256)|7|4|19|0.3657701015472412
(500, 784)|(784, 256)|7|4|20|0.28624725341796875
(500, 784)|(784, 256)|7|4|21|0.35094618797302246
(500, 784)|(784, 256)|7|4|22|0.3199470043182373
(500, 784)|(784, 256)|7|4|23|0.28929924964904785
(500, 784)|(784, 256)|7|4|24|0.340986967086792
(500, 784)|(784, 256)|7|4|25|0.2649111747741699
(500, 784)|(784, 256)|7|4|26|0.32900285720825195
(500, 784)|(784, 256)|7|4|27|0.2881917953491211
(500, 784)|(784, 256)|7|4|28|0.3021230697631836
(500, 784)|(784, 256)|7|4|29|0.2790107727050781
(500, 784)|(784, 256)|7|4|30|0.2808258533477783
(500, 784)|(784, 256)|7|4|31|0.3112978935241699
(500, 784)|(784, 256)|7|4|32|0.2779698371887207
(500, 784)|(784, 256)|7|5|6|0.28426313400268555
(500, 784)|(784, 256)|7|5|7|0.3194999694824219
(500, 784)|(784, 256)|7|5|8|0.2948291301727295
(500, 784)|(784, 256)|7|5|9|0.3608710765838623
(500, 784)|(784, 256)|7|5|10|0.327880859375
(500, 784)|(784, 256)|7|5|11|0.33402013778686523
(500, 784)|(784, 256)|7|5|12|0.2794158458709717
(500, 784)|(784, 256)|7|5|13|0.31310606002807617
(500, 784)|(784, 256)|7|5|14|0.3733220100402832
(500, 784)|(784, 256)|7|5|15|0.3453819751739502
(500, 784)|(784, 256)|7|5|16|0.22768497467041016
(500, 784)|(784, 256)|7|5|17|0.2995171546936035
(500, 784)|(784, 256)|7|5|18|0.31617307662963867
(500, 784)|(784, 256)|7|5|19|0.35004711151123047
(500, 784)|(784, 256)|7|5|20|0.3313720226287842
(500, 784)|(784, 256)|7|5|21|0.3618152141571045
(500, 784)|(784, 256)|7|5|22|0.29967308044433594
(500, 784)|(784, 256)|7|5|23|0.21736502647399902
(500, 784)|(784, 256)|7|5|24|0.23242521286010742
(500, 784)|(784, 256)|7|5|25|0.3681058883666992
(500, 784)|(784, 256)|7|5|26|0.3216588497161865
(500, 784)|(784, 256)|7|5|27|0.31398510932922363
(500, 784)|(784, 256)|7|5|28|0.36129307746887207
(500, 784)|(784, 256)|7|5|29|0.3393106460571289
(500, 784)|(784, 256)|7|5|30|0.31456518173217773
(500, 784)|(784, 256)|7|5|31|0.30416202545166016
(500, 784)|(784, 256)|7|5|32|0.283797025680542
(500, 784)|(784, 256)|7|6|7|0.2968120574951172
(500, 784)|(784, 256)|7|6|8|0.3306760787963867
(500, 784)|(784, 256)|7|6|9|0.33090686798095703
(500, 784)|(784, 256)|7|6|10|0.3313469886779785
(500, 784)|(784, 256)|7|6|11|0.3912651538848877
(500, 784)|(784, 256)|7|6|12|0.3402409553527832
(500, 784)|(784, 256)|7|6|13|0.3202199935913086
(500, 784)|(784, 256)|7|6|14|0.3053581714630127
(500, 784)|(784, 256)|7|6|15|0.3668830394744873
(500, 784)|(784, 256)|7|6|16|0.3285682201385498
(500, 784)|(784, 256)|7|6|17|0.314594030380249
(500, 784)|(784, 256)|7|6|18|0.2895169258117676
(500, 784)|(784, 256)|7|6|19|0.25746774673461914
(500, 784)|(784, 256)|7|6|20|0.3625950813293457
(500, 784)|(784, 256)|7|6|21|0.35158872604370117
(500, 784)|(784, 256)|7|6|22|0.33198094367980957
(500, 784)|(784, 256)|7|6|23|0.3205602169036865
(500, 784)|(784, 256)|7|6|24|0.31757521629333496
(500, 784)|(784, 256)|7|6|25|0.46441102027893066
(500, 784)|(784, 256)|7|6|26|0.3365819454193115
(500, 784)|(784, 256)|7|6|27|0.302962064743042
(500, 784)|(784, 256)|7|6|28|0.3251001834869385
(500, 784)|(784, 256)|7|6|29|0.358273983001709
(500, 784)|(784, 256)|7|6|30|0.31410717964172363
(500, 784)|(784, 256)|7|6|31|0.3777427673339844
(500, 784)|(784, 256)|7|6|32|0.31372809410095215
(500, 784)|(784, 256)|8|1|2|0.29541683197021484
(500, 784)|(784, 256)|8|1|3|0.30390191078186035
(500, 784)|(784, 256)|8|1|4|0.29711174964904785
(500, 784)|(784, 256)|8|1|5|0.2572627067565918
(500, 784)|(784, 256)|8|1|6|0.3804512023925781
(500, 784)|(784, 256)|8|1|7|0.361130952835083
(500, 784)|(784, 256)|8|1|8|0.31858181953430176
(500, 784)|(784, 256)|8|1|9|0.32273197174072266
(500, 784)|(784, 256)|8|1|10|0.29851436614990234
(500, 784)|(784, 256)|8|1|11|0.3751511573791504
(500, 784)|(784, 256)|8|1|12|0.3208181858062744
(500, 784)|(784, 256)|8|1|13|0.27041006088256836
(500, 784)|(784, 256)|8|1|14|0.3077409267425537
(500, 784)|(784, 256)|8|1|15|0.26439499855041504
(500, 784)|(784, 256)|8|1|16|0.30944371223449707
(500, 784)|(784, 256)|8|1|17|0.2898421287536621
(500, 784)|(784, 256)|8|1|18|0.2770247459411621
(500, 784)|(784, 256)|8|1|19|0.2899329662322998
(500, 784)|(784, 256)|8|1|20|0.2471301555633545
(500, 784)|(784, 256)|8|1|21|0.2631387710571289
(500, 784)|(784, 256)|8|1|22|0.29071474075317383
(500, 784)|(784, 256)|8|1|23|0.3026137351989746
(500, 784)|(784, 256)|8|1|24|0.2552490234375
(500, 784)|(784, 256)|8|1|25|0.29276299476623535
(500, 784)|(784, 256)|8|1|26|0.3144712448120117
(500, 784)|(784, 256)|8|1|27|0.2894110679626465
(500, 784)|(784, 256)|8|1|28|0.3342552185058594
(500, 784)|(784, 256)|8|1|29|0.2667117118835449
(500, 784)|(784, 256)|8|1|30|0.2571859359741211
(500, 784)|(784, 256)|8|1|31|0.30092597007751465
(500, 784)|(784, 256)|8|1|32|0.31235480308532715
(500, 784)|(784, 256)|8|2|3|0.36635303497314453
(500, 784)|(784, 256)|8|2|4|0.30771708488464355
(500, 784)|(784, 256)|8|2|5|0.30063581466674805
(500, 784)|(784, 256)|8|2|6|0.2627999782562256
(500, 784)|(784, 256)|8|2|7|0.3558349609375
(500, 784)|(784, 256)|8|2|8|0.29645538330078125
(500, 784)|(784, 256)|8|2|9|0.31665587425231934
(500, 784)|(784, 256)|8|2|10|0.3739449977874756
(500, 784)|(784, 256)|8|2|11|0.2964341640472412
(500, 784)|(784, 256)|8|2|12|0.2756178379058838
(500, 784)|(784, 256)|8|2|13|0.2817559242248535
(500, 784)|(784, 256)|8|2|14|0.31717777252197266
(500, 784)|(784, 256)|8|2|15|0.3309290409088135
(500, 784)|(784, 256)|8|2|16|0.3136320114135742
(500, 784)|(784, 256)|8|2|17|0.27176332473754883
(500, 784)|(784, 256)|8|2|18|0.2987709045410156
(500, 784)|(784, 256)|8|2|19|0.2534608840942383
(500, 784)|(784, 256)|8|2|20|0.32259511947631836
(500, 784)|(784, 256)|8|2|21|0.30756688117980957
(500, 784)|(784, 256)|8|2|22|0.26085805892944336
(500, 784)|(784, 256)|8|2|23|0.29814791679382324
(500, 784)|(784, 256)|8|2|24|0.30252885818481445
(500, 784)|(784, 256)|8|2|25|0.3203542232513428
(500, 784)|(784, 256)|8|2|26|0.29544591903686523
(500, 784)|(784, 256)|8|2|27|0.2996838092803955
(500, 784)|(784, 256)|8|2|28|0.25923609733581543
(500, 784)|(784, 256)|8|2|29|0.34792184829711914
(500, 784)|(784, 256)|8|2|30|0.3130009174346924
(500, 784)|(784, 256)|8|2|31|0.24631214141845703
(500, 784)|(784, 256)|8|2|32|0.3136920928955078
(500, 784)|(784, 256)|8|3|4|0.46802210807800293
(500, 784)|(784, 256)|8|3|5|0.3886270523071289
(500, 784)|(784, 256)|8|3|6|0.33290910720825195
(500, 784)|(784, 256)|8|3|7|0.3008739948272705
(500, 784)|(784, 256)|8|3|8|0.3291440010070801
(500, 784)|(784, 256)|8|3|9|0.35393476486206055
(500, 784)|(784, 256)|8|3|10|0.33171916007995605
(500, 784)|(784, 256)|8|3|11|0.3555409908294678
(500, 784)|(784, 256)|8|3|12|0.4023599624633789
(500, 784)|(784, 256)|8|3|13|0.2942938804626465
(500, 784)|(784, 256)|8|3|14|0.3310980796813965
(500, 784)|(784, 256)|8|3|15|0.41483211517333984
(500, 784)|(784, 256)|8|3|16|0.3204531669616699
(500, 784)|(784, 256)|8|3|17|0.41422200202941895
(500, 784)|(784, 256)|8|3|18|0.32286906242370605
(500, 784)|(784, 256)|8|3|19|0.3521232604980469
(500, 784)|(784, 256)|8|3|20|0.3503100872039795
(500, 784)|(784, 256)|8|3|21|0.33408617973327637
(500, 784)|(784, 256)|8|3|22|0.3891017436981201
(500, 784)|(784, 256)|8|3|23|0.3375427722930908
(500, 784)|(784, 256)|8|3|24|0.34735608100891113
(500, 784)|(784, 256)|8|3|25|0.3417019844055176
(500, 784)|(784, 256)|8|3|26|0.3409750461578369
(500, 784)|(784, 256)|8|3|27|0.39879894256591797
(500, 784)|(784, 256)|8|3|28|0.3365058898925781
(500, 784)|(784, 256)|8|3|29|0.3726637363433838
(500, 784)|(784, 256)|8|3|30|0.4081850051879883
(500, 784)|(784, 256)|8|3|31|0.339061975479126
(500, 784)|(784, 256)|8|3|32|0.4026920795440674
(500, 784)|(784, 256)|8|4|5|0.32590222358703613
(500, 784)|(784, 256)|8|4|6|0.3534691333770752
(500, 784)|(784, 256)|8|4|7|0.30017709732055664
(500, 784)|(784, 256)|8|4|8|0.29042506217956543
(500, 784)|(784, 256)|8|4|9|0.3747529983520508
(500, 784)|(784, 256)|8|4|10|0.3818020820617676
(500, 784)|(784, 256)|8|4|11|0.27213215827941895
(500, 784)|(784, 256)|8|4|12|0.36202311515808105
(500, 784)|(784, 256)|8|4|13|0.3459908962249756
(500, 784)|(784, 256)|8|4|14|0.263826847076416
(500, 784)|(784, 256)|8|4|15|0.3515172004699707
(500, 784)|(784, 256)|8|4|16|0.32509303092956543
(500, 784)|(784, 256)|8|4|17|0.30361175537109375
(500, 784)|(784, 256)|8|4|18|0.3633301258087158
(500, 784)|(784, 256)|8|4|19|0.29866623878479004
(500, 784)|(784, 256)|8|4|20|0.23337817192077637
(500, 784)|(784, 256)|8|4|21|0.285963773727417
(500, 784)|(784, 256)|8|4|22|0.25949692726135254
(500, 784)|(784, 256)|8|4|23|0.2927999496459961
(500, 784)|(784, 256)|8|4|24|0.2970240116119385
(500, 784)|(784, 256)|8|4|25|0.2818119525909424
(500, 784)|(784, 256)|8|4|26|0.28002309799194336
(500, 784)|(784, 256)|8|4|27|0.29793214797973633
(500, 784)|(784, 256)|8|4|28|0.3042261600494385
(500, 784)|(784, 256)|8|4|29|0.24423694610595703
(500, 784)|(784, 256)|8|4|30|0.26841092109680176
(500, 784)|(784, 256)|8|4|31|0.2611379623413086
(500, 784)|(784, 256)|8|4|32|0.3558542728424072
(500, 784)|(784, 256)|8|5|6|0.29677605628967285
(500, 784)|(784, 256)|8|5|7|0.32636070251464844
(500, 784)|(784, 256)|8|5|8|0.30104970932006836
(500, 784)|(784, 256)|8|5|9|0.3406379222869873
(500, 784)|(784, 256)|8|5|10|0.2927517890930176
(500, 784)|(784, 256)|8|5|11|0.28462791442871094
(500, 784)|(784, 256)|8|5|12|0.29113292694091797
(500, 784)|(784, 256)|8|5|13|0.30390095710754395
(500, 784)|(784, 256)|8|5|14|0.32152438163757324
(500, 784)|(784, 256)|8|5|15|0.27484583854675293
(500, 784)|(784, 256)|8|5|16|0.3416130542755127
(500, 784)|(784, 256)|8|5|17|0.3102281093597412
(500, 784)|(784, 256)|8|5|18|0.32035398483276367
(500, 784)|(784, 256)|8|5|19|0.317065954208374
(500, 784)|(784, 256)|8|5|20|0.3227219581604004
(500, 784)|(784, 256)|8|5|21|0.30971431732177734
(500, 784)|(784, 256)|8|5|22|0.3658409118652344
(500, 784)|(784, 256)|8|5|23|0.3010399341583252
(500, 784)|(784, 256)|8|5|24|0.3405947685241699
(500, 784)|(784, 256)|8|5|25|0.32532811164855957
(500, 784)|(784, 256)|8|5|26|0.3189399242401123
(500, 784)|(784, 256)|8|5|27|0.3156321048736572
(500, 784)|(784, 256)|8|5|28|0.31194496154785156
(500, 784)|(784, 256)|8|5|29|0.3546459674835205
(500, 784)|(784, 256)|8|5|30|0.29163193702697754
(500, 784)|(784, 256)|8|5|31|0.3301880359649658
(500, 784)|(784, 256)|8|5|32|0.335860013961792
(500, 784)|(784, 256)|8|6|7|0.3522162437438965
(500, 784)|(784, 256)|8|6|8|0.3484809398651123
(500, 784)|(784, 256)|8|6|9|0.3365049362182617
(500, 784)|(784, 256)|8|6|10|0.32109999656677246
(500, 784)|(784, 256)|8|6|11|0.34079790115356445
(500, 784)|(784, 256)|8|6|12|0.2938380241394043
(500, 784)|(784, 256)|8|6|13|0.3527712821960449
(500, 784)|(784, 256)|8|6|14|0.2577090263366699
(500, 784)|(784, 256)|8|6|15|0.33936476707458496
(500, 784)|(784, 256)|8|6|16|0.24654793739318848
(500, 784)|(784, 256)|8|6|17|0.2741110324859619
(500, 784)|(784, 256)|8|6|18|0.3483908176422119
(500, 784)|(784, 256)|8|6|19|0.3807797431945801
(500, 784)|(784, 256)|8|6|20|0.36919307708740234
(500, 784)|(784, 256)|8|6|21|0.3237900733947754
(500, 784)|(784, 256)|8|6|22|0.3199002742767334
(500, 784)|(784, 256)|8|6|23|0.2936711311340332
(500, 784)|(784, 256)|8|6|24|0.3414149284362793
(500, 784)|(784, 256)|8|6|25|0.2960970401763916
(500, 784)|(784, 256)|8|6|26|0.32711195945739746
(500, 784)|(784, 256)|8|6|27|0.3711059093475342
(500, 784)|(784, 256)|8|6|28|0.321990966796875
(500, 784)|(784, 256)|8|6|29|0.2852339744567871
(500, 784)|(784, 256)|8|6|30|0.33402490615844727
(500, 784)|(784, 256)|8|6|31|0.3016021251678467
(500, 784)|(784, 256)|8|6|32|0.32146382331848145
(500, 784)|(784, 256)|8|7|8|0.3173339366912842
(500, 784)|(784, 256)|8|7|9|0.367415189743042
(500, 784)|(784, 256)|8|7|10|0.3666539192199707
(500, 784)|(784, 256)|8|7|11|0.3789632320404053
(500, 784)|(784, 256)|8|7|12|0.33335399627685547
(500, 784)|(784, 256)|8|7|13|0.32055115699768066
(500, 784)|(784, 256)|8|7|14|0.3395829200744629
(500, 784)|(784, 256)|8|7|15|0.31496286392211914
(500, 784)|(784, 256)|8|7|16|0.31186509132385254
(500, 784)|(784, 256)|8|7|17|0.2583291530609131
(500, 784)|(784, 256)|8|7|18|0.3193631172180176
(500, 784)|(784, 256)|8|7|19|0.3222341537475586
(500, 784)|(784, 256)|8|7|20|0.38573503494262695
(500, 784)|(784, 256)|8|7|21|0.32224607467651367
(500, 784)|(784, 256)|8|7|22|0.3572380542755127
(500, 784)|(784, 256)|8|7|23|0.36116981506347656
(500, 784)|(784, 256)|8|7|24|0.2627451419830322
(500, 784)|(784, 256)|8|7|25|0.32651185989379883
(500, 784)|(784, 256)|8|7|26|0.35171008110046387
(500, 784)|(784, 256)|8|7|27|0.38079309463500977
(500, 784)|(784, 256)|8|7|28|0.44346117973327637
(500, 784)|(784, 256)|8|7|29|0.25540590286254883
(500, 784)|(784, 256)|8|7|30|0.34337306022644043
(500, 784)|(784, 256)|8|7|31|0.35485172271728516
(500, 784)|(784, 256)|8|7|32|0.28981590270996094
(500, 784)|(784, 256)|9|1|2|0.26378703117370605
(500, 784)|(784, 256)|9|1|3|0.3422112464904785
(500, 784)|(784, 256)|9|1|4|0.28482818603515625
(500, 784)|(784, 256)|9|1|5|0.2870290279388428
(500, 784)|(784, 256)|9|1|6|0.28891992568969727
(500, 784)|(784, 256)|9|1|7|0.23990488052368164
(500, 784)|(784, 256)|9|1|8|0.34348583221435547
(500, 784)|(784, 256)|9|1|9|0.3080101013183594
(500, 784)|(784, 256)|9|1|10|0.32039809226989746
(500, 784)|(784, 256)|9|1|11|0.38602185249328613
(500, 784)|(784, 256)|9|1|12|0.300706148147583
(500, 784)|(784, 256)|9|1|13|0.30696797370910645
(500, 784)|(784, 256)|9|1|14|0.3917670249938965
(500, 784)|(784, 256)|9|1|15|0.31409311294555664
(500, 784)|(784, 256)|9|1|16|0.3336970806121826
(500, 784)|(784, 256)|9|1|17|0.22510409355163574
(500, 784)|(784, 256)|9|1|18|0.2854950428009033
(500, 784)|(784, 256)|9|1|19|0.28952908515930176
(500, 784)|(784, 256)|9|1|20|0.31173110008239746
(500, 784)|(784, 256)|9|1|21|0.3260612487792969
(500, 784)|(784, 256)|9|1|22|0.2643289566040039
(500, 784)|(784, 256)|9|1|23|0.33579206466674805
(500, 784)|(784, 256)|9|1|24|0.3076050281524658
(500, 784)|(784, 256)|9|1|25|0.32813501358032227
(500, 784)|(784, 256)|9|1|26|0.3071310520172119
(500, 784)|(784, 256)|9|1|27|0.2509279251098633
(500, 784)|(784, 256)|9|1|28|0.2668170928955078
(500, 784)|(784, 256)|9|1|29|0.2723708152770996
(500, 784)|(784, 256)|9|1|30|0.30072999000549316
(500, 784)|(784, 256)|9|1|31|0.27745676040649414
(500, 784)|(784, 256)|9|1|32|0.26978087425231934
(500, 784)|(784, 256)|9|2|3|0.3430757522583008
(500, 784)|(784, 256)|9|2|4|0.35808277130126953
(500, 784)|(784, 256)|9|2|5|0.28432798385620117
(500, 784)|(784, 256)|9|2|6|0.38629722595214844
(500, 784)|(784, 256)|9|2|7|0.3882298469543457
(500, 784)|(784, 256)|9|2|8|0.3566560745239258
(500, 784)|(784, 256)|9|2|9|0.41837382316589355
(500, 784)|(784, 256)|9|2|10|0.3900470733642578
(500, 784)|(784, 256)|9|2|11|0.28981900215148926
(500, 784)|(784, 256)|9|2|12|0.2680220603942871
(500, 784)|(784, 256)|9|2|13|0.2674598693847656
(500, 784)|(784, 256)|9|2|14|0.33173084259033203
(500, 784)|(784, 256)|9|2|15|0.3222661018371582
(500, 784)|(784, 256)|9|2|16|0.36086606979370117
(500, 784)|(784, 256)|9|2|17|0.31618189811706543
(500, 784)|(784, 256)|9|2|18|0.28311610221862793
(500, 784)|(784, 256)|9|2|19|0.2619352340698242
(500, 784)|(784, 256)|9|2|20|0.3196730613708496
(500, 784)|(784, 256)|9|2|21|0.2868351936340332
(500, 784)|(784, 256)|9|2|22|0.2809450626373291
(500, 784)|(784, 256)|9|2|23|0.2559809684753418
(500, 784)|(784, 256)|9|2|24|0.25449228286743164
(500, 784)|(784, 256)|9|2|25|0.2977442741394043
(500, 784)|(784, 256)|9|2|26|0.31174468994140625
(500, 784)|(784, 256)|9|2|27|0.29459476470947266
(500, 784)|(784, 256)|9|2|28|0.27811694145202637
(500, 784)|(784, 256)|9|2|29|0.34290027618408203
(500, 784)|(784, 256)|9|2|30|0.3304891586303711
(500, 784)|(784, 256)|9|2|31|0.3629586696624756
(500, 784)|(784, 256)|9|2|32|0.36045098304748535
(500, 784)|(784, 256)|9|3|4|0.4366772174835205
(500, 784)|(784, 256)|9|3|5|0.3544440269470215
(500, 784)|(784, 256)|9|3|6|0.3292419910430908
(500, 784)|(784, 256)|9|3|7|0.31321120262145996
(500, 784)|(784, 256)|9|3|8|0.32216691970825195
(500, 784)|(784, 256)|9|3|9|0.3359029293060303
(500, 784)|(784, 256)|9|3|10|0.3514261245727539
(500, 784)|(784, 256)|9|3|11|0.33034205436706543
(500, 784)|(784, 256)|9|3|12|0.4138500690460205
(500, 784)|(784, 256)|9|3|13|0.3455820083618164
(500, 784)|(784, 256)|9|3|14|0.3248891830444336
(500, 784)|(784, 256)|9|3|15|0.31091904640197754
(500, 784)|(784, 256)|9|3|16|0.32079315185546875
(500, 784)|(784, 256)|9|3|17|0.35604214668273926
(500, 784)|(784, 256)|9|3|18|0.3727121353149414
(500, 784)|(784, 256)|9|3|19|0.3642711639404297
(500, 784)|(784, 256)|9|3|20|0.29768896102905273
(500, 784)|(784, 256)|9|3|21|0.3861081600189209
(500, 784)|(784, 256)|9|3|22|0.3659987449645996
(500, 784)|(784, 256)|9|3|23|0.3440680503845215
(500, 784)|(784, 256)|9|3|24|0.3049967288970947
(500, 784)|(784, 256)|9|3|25|0.39229297637939453
(500, 784)|(784, 256)|9|3|26|0.38076329231262207
(500, 784)|(784, 256)|9|3|27|0.31722021102905273
(500, 784)|(784, 256)|9|3|28|0.3379340171813965
(500, 784)|(784, 256)|9|3|29|0.3373696804046631
(500, 784)|(784, 256)|9|3|30|0.38248205184936523
(500, 784)|(784, 256)|9|3|31|0.34674501419067383
(500, 784)|(784, 256)|9|3|32|0.31653404235839844
(500, 784)|(784, 256)|9|4|5|0.3315310478210449
(500, 784)|(784, 256)|9|4|6|0.3774840831756592
(500, 784)|(784, 256)|9|4|7|0.30377912521362305
(500, 784)|(784, 256)|9|4|8|0.31296801567077637
(500, 784)|(784, 256)|9|4|9|0.32605910301208496
(500, 784)|(784, 256)|9|4|10|0.40013813972473145
(500, 784)|(784, 256)|9|4|11|0.2835509777069092
(500, 784)|(784, 256)|9|4|12|0.2623469829559326
(500, 784)|(784, 256)|9|4|13|0.36336421966552734
(500, 784)|(784, 256)|9|4|14|0.31868505477905273
(500, 784)|(784, 256)|9|4|15|0.2971949577331543
(500, 784)|(784, 256)|9|4|16|0.27042698860168457
(500, 784)|(784, 256)|9|4|17|0.295029878616333
(500, 784)|(784, 256)|9|4|18|0.255573034286499
(500, 784)|(784, 256)|9|4|19|0.22301316261291504
(500, 784)|(784, 256)|9|4|20|0.2907679080963135
(500, 784)|(784, 256)|9|4|21|0.26911377906799316
(500, 784)|(784, 256)|9|4|22|0.35306692123413086
(500, 784)|(784, 256)|9|4|23|0.28888487815856934
(500, 784)|(784, 256)|9|4|24|0.2755560874938965
(500, 784)|(784, 256)|9|4|25|0.2540719509124756
(500, 784)|(784, 256)|9|4|26|0.3441181182861328
(500, 784)|(784, 256)|9|4|27|0.3474459648132324
(500, 784)|(784, 256)|9|4|28|0.3331568241119385
(500, 784)|(784, 256)|9|4|29|0.29459095001220703
(500, 784)|(784, 256)|9|4|30|0.3438560962677002
(500, 784)|(784, 256)|9|4|31|0.32222414016723633
(500, 784)|(784, 256)|9|4|32|0.2701430320739746
(500, 784)|(784, 256)|9|5|6|0.329833984375
(500, 784)|(784, 256)|9|5|7|0.28692626953125
(500, 784)|(784, 256)|9|5|8|0.26664209365844727
(500, 784)|(784, 256)|9|5|9|0.3331301212310791
(500, 784)|(784, 256)|9|5|10|0.26616716384887695
(500, 784)|(784, 256)|9|5|11|0.33882880210876465
(500, 784)|(784, 256)|9|5|12|0.33094024658203125
(500, 784)|(784, 256)|9|5|13|0.3251991271972656
(500, 784)|(784, 256)|9|5|14|0.2763679027557373
(500, 784)|(784, 256)|9|5|15|0.31652307510375977
(500, 784)|(784, 256)|9|5|16|0.3665440082550049
(500, 784)|(784, 256)|9|5|17|0.33498191833496094
(500, 784)|(784, 256)|9|5|18|0.3277308940887451
(500, 784)|(784, 256)|9|5|19|0.27526092529296875
(500, 784)|(784, 256)|9|5|20|0.31847286224365234
(500, 784)|(784, 256)|9|5|21|0.3355259895324707
(500, 784)|(784, 256)|9|5|22|0.31465911865234375
(500, 784)|(784, 256)|9|5|23|0.3207051753997803
(500, 784)|(784, 256)|9|5|24|0.3655879497528076
(500, 784)|(784, 256)|9|5|25|0.31127285957336426
(500, 784)|(784, 256)|9|5|26|0.3231210708618164
(500, 784)|(784, 256)|9|5|27|0.3175830841064453
(500, 784)|(784, 256)|9|5|28|0.3236410617828369
(500, 784)|(784, 256)|9|5|29|0.36852574348449707
(500, 784)|(784, 256)|9|5|30|0.2937788963317871
(500, 784)|(784, 256)|9|5|31|0.3024132251739502
(500, 784)|(784, 256)|9|5|32|0.3102562427520752
(500, 784)|(784, 256)|9|6|7|0.3106880187988281
(500, 784)|(784, 256)|9|6|8|0.25928711891174316
(500, 784)|(784, 256)|9|6|9|0.3294060230255127
(500, 784)|(784, 256)|9|6|10|0.281008243560791
(500, 784)|(784, 256)|9|6|11|0.3279430866241455
(500, 784)|(784, 256)|9|6|12|0.2994539737701416
(500, 784)|(784, 256)|9|6|13|0.3615717887878418
(500, 784)|(784, 256)|9|6|14|0.3302128314971924
(500, 784)|(784, 256)|9|6|15|0.3233520984649658
(500, 784)|(784, 256)|9|6|16|0.32376718521118164
(500, 784)|(784, 256)|9|6|17|0.28173398971557617
(500, 784)|(784, 256)|9|6|18|0.38367724418640137
(500, 784)|(784, 256)|9|6|19|0.31707000732421875
(500, 784)|(784, 256)|9|6|20|0.2842371463775635
(500, 784)|(784, 256)|9|6|21|0.352398157119751
(500, 784)|(784, 256)|9|6|22|0.33879590034484863
(500, 784)|(784, 256)|9|6|23|0.27187681198120117
(500, 784)|(784, 256)|9|6|24|0.33670592308044434
(500, 784)|(784, 256)|9|6|25|0.3307807445526123
(500, 784)|(784, 256)|9|6|26|0.2801849842071533
(500, 784)|(784, 256)|9|6|27|0.37192392349243164
(500, 784)|(784, 256)|9|6|28|0.3273959159851074
(500, 784)|(784, 256)|9|6|29|0.2955169677734375
(500, 784)|(784, 256)|9|6|30|0.4006989002227783
(500, 784)|(784, 256)|9|6|31|0.30634284019470215
(500, 784)|(784, 256)|9|6|32|0.32091188430786133
(500, 784)|(784, 256)|9|7|8|0.3632469177246094
(500, 784)|(784, 256)|9|7|9|0.31453490257263184
(500, 784)|(784, 256)|9|7|10|0.3690509796142578
(500, 784)|(784, 256)|9|7|11|0.3173971176147461
(500, 784)|(784, 256)|9|7|12|0.29688501358032227
(500, 784)|(784, 256)|9|7|13|0.3018209934234619
(500, 784)|(784, 256)|9|7|14|0.3502819538116455
(500, 784)|(784, 256)|9|7|15|0.3608090877532959
(500, 784)|(784, 256)|9|7|16|0.35616111755371094
(500, 784)|(784, 256)|9|7|17|0.31822896003723145
(500, 784)|(784, 256)|9|7|18|0.3268601894378662
(500, 784)|(784, 256)|9|7|19|0.2963430881500244
(500, 784)|(784, 256)|9|7|20|0.3798060417175293
(500, 784)|(784, 256)|9|7|21|0.3162360191345215
(500, 784)|(784, 256)|9|7|22|0.31778907775878906
(500, 784)|(784, 256)|9|7|23|0.2955327033996582
(500, 784)|(784, 256)|9|7|24|0.28395891189575195
(500, 784)|(784, 256)|9|7|25|0.314133882522583
(500, 784)|(784, 256)|9|7|26|0.32662081718444824
(500, 784)|(784, 256)|9|7|27|0.2822389602661133
(500, 784)|(784, 256)|9|7|28|0.36547303199768066
(500, 784)|(784, 256)|9|7|29|0.3279101848602295
(500, 784)|(784, 256)|9|7|30|0.3214070796966553
(500, 784)|(784, 256)|9|7|31|0.2839939594268799
(500, 784)|(784, 256)|9|7|32|0.3144218921661377
(500, 784)|(784, 256)|9|8|9|0.3246948719024658
(500, 784)|(784, 256)|9|8|10|0.3188960552215576
(500, 784)|(784, 256)|9|8|11|0.26806211471557617
(500, 784)|(784, 256)|9|8|12|0.2792329788208008
(500, 784)|(784, 256)|9|8|13|0.2527279853820801
(500, 784)|(784, 256)|9|8|14|0.26622629165649414
(500, 784)|(784, 256)|9|8|15|0.3494389057159424
(500, 784)|(784, 256)|9|8|16|0.35055994987487793
(500, 784)|(784, 256)|9|8|17|0.3791780471801758
(500, 784)|(784, 256)|9|8|18|0.2956669330596924
(500, 784)|(784, 256)|9|8|19|0.24088597297668457
(500, 784)|(784, 256)|9|8|20|0.31009793281555176
(500, 784)|(784, 256)|9|8|21|0.355849027633667
(500, 784)|(784, 256)|9|8|22|0.2975320816040039
(500, 784)|(784, 256)|9|8|23|0.35997796058654785
(500, 784)|(784, 256)|9|8|24|0.28405022621154785
(500, 784)|(784, 256)|9|8|25|0.2933492660522461
(500, 784)|(784, 256)|9|8|26|0.3363759517669678
(500, 784)|(784, 256)|9|8|27|0.28539204597473145
(500, 784)|(784, 256)|9|8|28|0.28107714653015137
(500, 784)|(784, 256)|9|8|29|0.28615498542785645
(500, 784)|(784, 256)|9|8|30|0.30905604362487793
(500, 784)|(784, 256)|9|8|31|0.3395051956176758
(500, 784)|(784, 256)|9|8|32|0.24373507499694824
(500, 784)|(784, 256)|10|1|2|0.30912089347839355
(500, 784)|(784, 256)|10|1|3|0.3557319641113281
(500, 784)|(784, 256)|10|1|4|0.3093390464782715
(500, 784)|(784, 256)|10|1|5|0.34650707244873047
(500, 784)|(784, 256)|10|1|6|0.28830599784851074
(500, 784)|(784, 256)|10|1|7|0.2946288585662842
(500, 784)|(784, 256)|10|1|8|0.3178889751434326
(500, 784)|(784, 256)|10|1|9|0.29407620429992676
(500, 784)|(784, 256)|10|1|10|0.2944681644439697
(500, 784)|(784, 256)|10|1|11|0.2949068546295166
(500, 784)|(784, 256)|10|1|12|0.40696215629577637
(500, 784)|(784, 256)|10|1|13|0.2905900478363037
(500, 784)|(784, 256)|10|1|14|0.29641294479370117
(500, 784)|(784, 256)|10|1|15|0.2833530902862549
(500, 784)|(784, 256)|10|1|16|0.28189706802368164
(500, 784)|(784, 256)|10|1|17|0.2749161720275879
(500, 784)|(784, 256)|10|1|18|0.294086217880249
(500, 784)|(784, 256)|10|1|19|0.2601470947265625
(500, 784)|(784, 256)|10|1|20|0.24660611152648926
(500, 784)|(784, 256)|10|1|21|0.3190929889678955
(500, 784)|(784, 256)|10|1|22|0.30623722076416016
(500, 784)|(784, 256)|10|1|23|0.309128999710083
(500, 784)|(784, 256)|10|1|24|0.32489895820617676
(500, 784)|(784, 256)|10|1|25|0.2849259376525879
(500, 784)|(784, 256)|10|1|26|0.2620220184326172
(500, 784)|(784, 256)|10|1|27|0.2953777313232422
(500, 784)|(784, 256)|10|1|28|0.2881898880004883
(500, 784)|(784, 256)|10|1|29|0.3255767822265625
(500, 784)|(784, 256)|10|1|30|0.31404685974121094
(500, 784)|(784, 256)|10|1|31|0.2947871685028076
(500, 784)|(784, 256)|10|1|32|0.28476619720458984
(500, 784)|(784, 256)|10|2|3|0.2872800827026367
(500, 784)|(784, 256)|10|2|4|0.2867012023925781
(500, 784)|(784, 256)|10|2|5|0.33690309524536133
(500, 784)|(784, 256)|10|2|6|0.43164610862731934
(500, 784)|(784, 256)|10|2|7|0.31348490715026855
(500, 784)|(784, 256)|10|2|8|0.3161959648132324
(500, 784)|(784, 256)|10|2|9|0.2402350902557373
(500, 784)|(784, 256)|10|2|10|0.32991695404052734
(500, 784)|(784, 256)|10|2|11|0.3267948627471924
(500, 784)|(784, 256)|10|2|12|0.3049967288970947
(500, 784)|(784, 256)|10|2|13|0.23477625846862793
(500, 784)|(784, 256)|10|2|14|0.47094011306762695
(500, 784)|(784, 256)|10|2|15|0.2665700912475586
(500, 784)|(784, 256)|10|2|16|0.36914610862731934
(500, 784)|(784, 256)|10|2|17|0.25551319122314453
(500, 784)|(784, 256)|10|2|18|0.24293994903564453
(500, 784)|(784, 256)|10|2|19|0.26450014114379883
(500, 784)|(784, 256)|10|2|20|0.25733494758605957
(500, 784)|(784, 256)|10|2|21|0.33701205253601074
(500, 784)|(784, 256)|10|2|22|0.23605084419250488
(500, 784)|(784, 256)|10|2|23|0.2197561264038086
(500, 784)|(784, 256)|10|2|24|0.31848812103271484
(500, 784)|(784, 256)|10|2|25|0.221848726272583
(500, 784)|(784, 256)|10|2|26|0.244063138961792
(500, 784)|(784, 256)|10|2|27|0.279559850692749
(500, 784)|(784, 256)|10|2|28|0.23635625839233398
(500, 784)|(784, 256)|10|2|29|0.25365591049194336
(500, 784)|(784, 256)|10|2|30|0.2511310577392578
(500, 784)|(784, 256)|10|2|31|0.26529574394226074
(500, 784)|(784, 256)|10|2|32|0.28137898445129395
(500, 784)|(784, 256)|10|3|4|0.322296142578125
(500, 784)|(784, 256)|10|3|5|0.3589179515838623
(500, 784)|(784, 256)|10|3|6|0.3089599609375
(500, 784)|(784, 256)|10|3|7|0.21678471565246582
(500, 784)|(784, 256)|10|3|8|0.3073430061340332
(500, 784)|(784, 256)|10|3|9|0.29680395126342773
(500, 784)|(784, 256)|10|3|10|0.2961447238922119
(500, 784)|(784, 256)|10|3|11|0.3191039562225342
(500, 784)|(784, 256)|10|3|12|0.2567577362060547
(500, 784)|(784, 256)|10|3|13|0.31064319610595703
(500, 784)|(784, 256)|10|3|14|0.3189270496368408
(500, 784)|(784, 256)|10|3|15|0.297605037689209
(500, 784)|(784, 256)|10|3|16|0.23162198066711426
(500, 784)|(784, 256)|10|3|17|0.3263978958129883
(500, 784)|(784, 256)|10|3|18|0.31589508056640625
(500, 784)|(784, 256)|10|3|19|0.33240294456481934
(500, 784)|(784, 256)|10|3|20|0.35247325897216797
(500, 784)|(784, 256)|10|3|21|0.2908518314361572
(500, 784)|(784, 256)|10|3|22|0.3120768070220947
(500, 784)|(784, 256)|10|3|23|0.29291796684265137
(500, 784)|(784, 256)|10|3|24|0.32978200912475586
(500, 784)|(784, 256)|10|3|25|0.3247411251068115
(500, 784)|(784, 256)|10|3|26|0.29870080947875977
(500, 784)|(784, 256)|10|3|27|0.25333499908447266
(500, 784)|(784, 256)|10|3|28|0.29769396781921387
(500, 784)|(784, 256)|10|3|29|0.23771905899047852
(500, 784)|(784, 256)|10|3|30|0.2631700038909912
(500, 784)|(784, 256)|10|3|31|0.29315614700317383
(500, 784)|(784, 256)|10|3|32|0.3162848949432373
(500, 784)|(784, 256)|10|4|5|0.3119046688079834
(500, 784)|(784, 256)|10|4|6|0.32005882263183594
(500, 784)|(784, 256)|10|4|7|0.30790019035339355
(500, 784)|(784, 256)|10|4|8|0.30297279357910156
(500, 784)|(784, 256)|10|4|9|0.3561410903930664
(500, 784)|(784, 256)|10|4|10|0.22855186462402344
(500, 784)|(784, 256)|10|4|11|0.32718968391418457
(500, 784)|(784, 256)|10|4|12|0.3138129711151123
(500, 784)|(784, 256)|10|4|13|0.3389110565185547
(500, 784)|(784, 256)|10|4|14|0.37282729148864746
(500, 784)|(784, 256)|10|4|15|0.26611924171447754
(500, 784)|(784, 256)|10|4|16|0.38614487648010254
(500, 784)|(784, 256)|10|4|17|0.2550511360168457
(500, 784)|(784, 256)|10|4|18|0.3234901428222656
(500, 784)|(784, 256)|10|4|19|0.3052361011505127
(500, 784)|(784, 256)|10|4|20|0.268218994140625
(500, 784)|(784, 256)|10|4|21|0.31858110427856445
(500, 784)|(784, 256)|10|4|22|0.2508363723754883
(500, 784)|(784, 256)|10|4|23|0.31707310676574707
(500, 784)|(784, 256)|10|4|24|0.3200798034667969
(500, 784)|(784, 256)|10|4|25|0.30936193466186523
(500, 784)|(784, 256)|10|4|26|0.2703268527984619
(500, 784)|(784, 256)|10|4|27|0.3424980640411377
(500, 784)|(784, 256)|10|4|28|0.30362701416015625
(500, 784)|(784, 256)|10|4|29|0.2977151870727539
(500, 784)|(784, 256)|10|4|30|0.2935028076171875
(500, 784)|(784, 256)|10|4|31|0.3698081970214844
(500, 784)|(784, 256)|10|4|32|0.275540828704834
(500, 784)|(784, 256)|10|5|6|0.36438608169555664
(500, 784)|(784, 256)|10|5|7|0.3073842525482178
(500, 784)|(784, 256)|10|5|8|0.34114718437194824
(500, 784)|(784, 256)|10|5|9|0.28450489044189453
(500, 784)|(784, 256)|10|5|10|0.3348710536956787
(500, 784)|(784, 256)|10|5|11|0.34343695640563965
(500, 784)|(784, 256)|10|5|12|0.28134703636169434
(500, 784)|(784, 256)|10|5|13|0.3189208507537842
(500, 784)|(784, 256)|10|5|14|0.3055891990661621
(500, 784)|(784, 256)|10|5|15|0.2323291301727295
(500, 784)|(784, 256)|10|5|16|0.3682990074157715
(500, 784)|(784, 256)|10|5|17|0.3005490303039551
(500, 784)|(784, 256)|10|5|18|0.32635998725891113
(500, 784)|(784, 256)|10|5|19|0.37604689598083496
(500, 784)|(784, 256)|10|5|20|0.3577718734741211
(500, 784)|(784, 256)|10|5|21|0.30682873725891113
(500, 784)|(784, 256)|10|5|22|0.3685271739959717
(500, 784)|(784, 256)|10|5|23|0.3821229934692383
(500, 784)|(784, 256)|10|5|24|0.29653406143188477
(500, 784)|(784, 256)|10|5|25|0.3832719326019287
(500, 784)|(784, 256)|10|5|26|0.46567702293395996
(500, 784)|(784, 256)|10|5|27|0.28644514083862305
(500, 784)|(784, 256)|10|5|28|0.2857999801635742
(500, 784)|(784, 256)|10|5|29|0.2632591724395752
(500, 784)|(784, 256)|10|5|30|0.28568506240844727
(500, 784)|(784, 256)|10|5|31|0.3036167621612549
(500, 784)|(784, 256)|10|5|32|0.31529784202575684
(500, 784)|(784, 256)|10|6|7|0.32494282722473145
(500, 784)|(784, 256)|10|6|8|0.3382279872894287
(500, 784)|(784, 256)|10|6|9|0.28830599784851074
(500, 784)|(784, 256)|10|6|10|0.35672497749328613
(500, 784)|(784, 256)|10|6|11|0.35024118423461914
(500, 784)|(784, 256)|10|6|12|0.2769460678100586
(500, 784)|(784, 256)|10|6|13|0.3153412342071533
(500, 784)|(784, 256)|10|6|14|0.33160877227783203
(500, 784)|(784, 256)|10|6|15|0.3576390743255615
(500, 784)|(784, 256)|10|6|16|0.2985837459564209
(500, 784)|(784, 256)|10|6|17|0.37285804748535156
(500, 784)|(784, 256)|10|6|18|0.36818790435791016
(500, 784)|(784, 256)|10|6|19|0.36993908882141113
(500, 784)|(784, 256)|10|6|20|0.2760951519012451
(500, 784)|(784, 256)|10|6|21|0.4066910743713379
(500, 784)|(784, 256)|10|6|22|0.3845369815826416
(500, 784)|(784, 256)|10|6|23|0.33083105087280273
(500, 784)|(784, 256)|10|6|24|0.29665708541870117
(500, 784)|(784, 256)|10|6|25|0.3117408752441406
(500, 784)|(784, 256)|10|6|26|0.3123650550842285
(500, 784)|(784, 256)|10|6|27|0.32958388328552246
(500, 784)|(784, 256)|10|6|28|0.3472459316253662
(500, 784)|(784, 256)|10|6|29|0.3509659767150879
(500, 784)|(784, 256)|10|6|30|0.30515408515930176
(500, 784)|(784, 256)|10|6|31|0.31665611267089844
(500, 784)|(784, 256)|10|6|32|0.3638930320739746
(500, 784)|(784, 256)|10|7|8|0.2909369468688965
(500, 784)|(784, 256)|10|7|9|0.26161623001098633
(500, 784)|(784, 256)|10|7|10|0.8410990238189697
(500, 784)|(784, 256)|10|7|11|0.2834739685058594
(500, 784)|(784, 256)|10|7|12|0.31708598136901855
(500, 784)|(784, 256)|10|7|13|0.37160587310791016
(500, 784)|(784, 256)|10|7|14|0.3338289260864258
(500, 784)|(784, 256)|10|7|15|0.3279709815979004
(500, 784)|(784, 256)|10|7|16|0.41036176681518555
(500, 784)|(784, 256)|10|7|17|0.38043999671936035
(500, 784)|(784, 256)|10|7|18|0.3535590171813965
(500, 784)|(784, 256)|10|7|19|0.3689548969268799
(500, 784)|(784, 256)|10|7|20|0.466763973236084
(500, 784)|(784, 256)|10|7|21|0.2779519557952881
(500, 784)|(784, 256)|10|7|22|0.36173009872436523
(500, 784)|(784, 256)|10|7|23|0.3404700756072998
(500, 784)|(784, 256)|10|7|24|0.31927919387817383
(500, 784)|(784, 256)|10|7|25|0.330672025680542
(500, 784)|(784, 256)|10|7|26|0.39130401611328125
(500, 784)|(784, 256)|10|7|27|0.36161303520202637
(500, 784)|(784, 256)|10|7|28|0.3742709159851074
(500, 784)|(784, 256)|10|7|29|0.3943150043487549
(500, 784)|(784, 256)|10|7|30|0.3239119052886963
(500, 784)|(784, 256)|10|7|31|0.32637882232666016
(500, 784)|(784, 256)|10|7|32|0.4123036861419678
(500, 784)|(784, 256)|10|8|9|0.32160520553588867
(500, 784)|(784, 256)|10|8|10|0.3231039047241211
(500, 784)|(784, 256)|10|8|11|0.33180880546569824
(500, 784)|(784, 256)|10|8|12|0.24651813507080078
(500, 784)|(784, 256)|10|8|13|0.3390309810638428
(500, 784)|(784, 256)|10|8|14|0.42408013343811035
(500, 784)|(784, 256)|10|8|15|0.31337428092956543
(500, 784)|(784, 256)|10|8|16|0.4544339179992676
(500, 784)|(784, 256)|10|8|17|0.333026647567749
(500, 784)|(784, 256)|10|8|18|0.3273890018463135
(500, 784)|(784, 256)|10|8|19|0.3393981456756592
(500, 784)|(784, 256)|10|8|20|0.25777292251586914
(500, 784)|(784, 256)|10|8|21|0.2833869457244873
(500, 784)|(784, 256)|10|8|22|0.30524206161499023
(500, 784)|(784, 256)|10|8|23|0.3413567543029785
(500, 784)|(784, 256)|10|8|24|0.28336215019226074
(500, 784)|(784, 256)|10|8|25|0.3334081172943115
(500, 784)|(784, 256)|10|8|26|0.2752559185028076
(500, 784)|(784, 256)|10|8|27|0.2735588550567627
(500, 784)|(784, 256)|10|8|28|0.28451108932495117
(500, 784)|(784, 256)|10|8|29|0.33525919914245605
(500, 784)|(784, 256)|10|8|30|0.3015608787536621
(500, 784)|(784, 256)|10|8|31|0.3096740245819092
(500, 784)|(784, 256)|10|8|32|0.30788564682006836
(500, 784)|(784, 256)|11|1|2|0.28097987174987793
(500, 784)|(784, 256)|11|1|3|0.2890920639038086
(500, 784)|(784, 256)|11|1|4|0.30716681480407715
(500, 784)|(784, 256)|11|1|5|0.30143213272094727
(500, 784)|(784, 256)|11|1|6|0.38355398178100586
(500, 784)|(784, 256)|11|1|7|0.30283284187316895
(500, 784)|(784, 256)|11|1|8|0.29728078842163086
(500, 784)|(784, 256)|11|1|9|0.3230118751525879
(500, 784)|(784, 256)|11|1|10|0.3553500175476074
(500, 784)|(784, 256)|11|1|11|0.329927921295166
(500, 784)|(784, 256)|11|1|12|0.40003514289855957
(500, 784)|(784, 256)|11|1|13|0.2908468246459961
(500, 784)|(784, 256)|11|1|14|0.3127720355987549
(500, 784)|(784, 256)|11|1|15|0.3151388168334961
(500, 784)|(784, 256)|11|1|16|0.24645495414733887
(500, 784)|(784, 256)|11|1|17|0.3360557556152344
(500, 784)|(784, 256)|11|1|18|0.2895970344543457
(500, 784)|(784, 256)|11|1|19|0.24605298042297363
(500, 784)|(784, 256)|11|1|20|0.26596879959106445
(500, 784)|(784, 256)|11|1|21|0.2996208667755127
(500, 784)|(784, 256)|11|1|22|0.2509617805480957
(500, 784)|(784, 256)|11|1|23|0.3439469337463379
(500, 784)|(784, 256)|11|1|24|0.22051692008972168
(500, 784)|(784, 256)|11|1|25|0.2969810962677002
(500, 784)|(784, 256)|11|1|26|0.24833297729492188
(500, 784)|(784, 256)|11|1|27|0.3308892250061035
(500, 784)|(784, 256)|11|1|28|0.2860431671142578
(500, 784)|(784, 256)|11|1|29|0.24472403526306152
(500, 784)|(784, 256)|11|1|30|0.2907741069793701
(500, 784)|(784, 256)|11|1|31|0.3057222366333008
(500, 784)|(784, 256)|11|1|32|0.315748929977417
(500, 784)|(784, 256)|11|2|3|0.31574392318725586
(500, 784)|(784, 256)|11|2|4|0.29692506790161133
(500, 784)|(784, 256)|11|2|5|0.3600940704345703
(500, 784)|(784, 256)|11|2|6|0.35493016242980957
(500, 784)|(784, 256)|11|2|7|0.317249059677124
(500, 784)|(784, 256)|11|2|8|0.32100987434387207
(500, 784)|(784, 256)|11|2|9|0.4258251190185547
(500, 784)|(784, 256)|11|2|10|0.3780710697174072
(500, 784)|(784, 256)|11|2|11|0.3048980236053467
(500, 784)|(784, 256)|11|2|12|0.2757599353790283
(500, 784)|(784, 256)|11|2|13|0.3242669105529785
(500, 784)|(784, 256)|11|2|14|0.31288766860961914
(500, 784)|(784, 256)|11|2|15|0.30883312225341797
(500, 784)|(784, 256)|11|2|16|0.27730703353881836
(500, 784)|(784, 256)|11|2|17|0.23663091659545898
(500, 784)|(784, 256)|11|2|18|0.3187131881713867
(500, 784)|(784, 256)|11|2|19|0.3137679100036621
(500, 784)|(784, 256)|11|2|20|0.28562188148498535
(500, 784)|(784, 256)|11|2|21|0.2866401672363281
(500, 784)|(784, 256)|11|2|22|0.30257701873779297
(500, 784)|(784, 256)|11|2|23|0.2815830707550049
(500, 784)|(784, 256)|11|2|24|0.26895689964294434
(500, 784)|(784, 256)|11|2|25|0.27462100982666016
(500, 784)|(784, 256)|11|2|26|0.39862871170043945
(500, 784)|(784, 256)|11|2|27|0.27411675453186035
(500, 784)|(784, 256)|11|2|28|0.28434085845947266
(500, 784)|(784, 256)|11|2|29|0.2774930000305176
(500, 784)|(784, 256)|11|2|30|0.34621405601501465
(500, 784)|(784, 256)|11|2|31|0.2968020439147949
(500, 784)|(784, 256)|11|2|32|0.3396890163421631
(500, 784)|(784, 256)|11|3|4|0.34071874618530273
(500, 784)|(784, 256)|11|3|5|0.2832458019256592
(500, 784)|(784, 256)|11|3|6|0.3135669231414795
(500, 784)|(784, 256)|11|3|7|0.27356600761413574
(500, 784)|(784, 256)|11|3|8|0.26412487030029297
(500, 784)|(784, 256)|11|3|9|0.2955739498138428
(500, 784)|(784, 256)|11|3|10|0.27794814109802246
(500, 784)|(784, 256)|11|3|11|0.30095601081848145
(500, 784)|(784, 256)|11|3|12|0.33612799644470215
(500, 784)|(784, 256)|11|3|13|0.2813742160797119
(500, 784)|(784, 256)|11|3|14|0.345379114151001
(500, 784)|(784, 256)|11|3|15|0.27302980422973633
(500, 784)|(784, 256)|11|3|16|0.3247230052947998
(500, 784)|(784, 256)|11|3|17|0.3462190628051758
(500, 784)|(784, 256)|11|3|18|0.34734678268432617
(500, 784)|(784, 256)|11|3|19|0.31051182746887207
(500, 784)|(784, 256)|11|3|20|0.25817394256591797
(500, 784)|(784, 256)|11|3|21|0.31755590438842773
(500, 784)|(784, 256)|11|3|22|0.24413204193115234
(500, 784)|(784, 256)|11|3|23|0.3187589645385742
(500, 784)|(784, 256)|11|3|24|0.26136088371276855
(500, 784)|(784, 256)|11|3|25|0.3151369094848633
(500, 784)|(784, 256)|11|3|26|0.308229923248291
(500, 784)|(784, 256)|11|3|27|0.24613094329833984
(500, 784)|(784, 256)|11|3|28|0.3451669216156006
(500, 784)|(784, 256)|11|3|29|0.24588584899902344
(500, 784)|(784, 256)|11|3|30|0.3368539810180664
(500, 784)|(784, 256)|11|3|31|0.35747289657592773
(500, 784)|(784, 256)|11|3|32|0.3562939167022705
(500, 784)|(784, 256)|11|4|5|0.26290202140808105
(500, 784)|(784, 256)|11|4|6|0.3106110095977783
(500, 784)|(784, 256)|11|4|7|0.3226449489593506
(500, 784)|(784, 256)|11|4|8|0.33490681648254395
(500, 784)|(784, 256)|11|4|9|0.39759373664855957
(500, 784)|(784, 256)|11|4|10|0.42047119140625
(500, 784)|(784, 256)|11|4|11|0.30431699752807617
(500, 784)|(784, 256)|11|4|12|0.4048731327056885
(500, 784)|(784, 256)|11|4|13|0.30234813690185547
(500, 784)|(784, 256)|11|4|14|0.26360106468200684
(500, 784)|(784, 256)|11|4|15|0.30295801162719727
(500, 784)|(784, 256)|11|4|16|0.2993319034576416
(500, 784)|(784, 256)|11|4|17|0.21750211715698242
(500, 784)|(784, 256)|11|4|18|0.2991650104522705
(500, 784)|(784, 256)|11|4|19|0.26560473442077637
(500, 784)|(784, 256)|11|4|20|0.2890310287475586
(500, 784)|(784, 256)|11|4|21|0.3061830997467041
(500, 784)|(784, 256)|11|4|22|0.3309509754180908
(500, 784)|(784, 256)|11|4|23|0.325031042098999
(500, 784)|(784, 256)|11|4|24|0.2571539878845215
(500, 784)|(784, 256)|11|4|25|0.3178691864013672
(500, 784)|(784, 256)|11|4|26|0.31236982345581055
(500, 784)|(784, 256)|11|4|27|0.2934856414794922
(500, 784)|(784, 256)|11|4|28|0.30408811569213867
(500, 784)|(784, 256)|11|4|29|0.275026798248291
(500, 784)|(784, 256)|11|4|30|0.3366858959197998
(500, 784)|(784, 256)|11|4|31|0.2687559127807617
(500, 784)|(784, 256)|11|4|32|0.3343989849090576
(500, 784)|(784, 256)|11|5|6|0.30535101890563965
(500, 784)|(784, 256)|11|5|7|0.28116798400878906
(500, 784)|(784, 256)|11|5|8|0.34582090377807617
(500, 784)|(784, 256)|11|5|9|0.2182939052581787
(500, 784)|(784, 256)|11|5|10|0.32764101028442383
(500, 784)|(784, 256)|11|5|11|0.3241891860961914
(500, 784)|(784, 256)|11|5|12|0.281116247177124
(500, 784)|(784, 256)|11|5|13|0.32242512702941895
(500, 784)|(784, 256)|11|5|14|0.3232569694519043
(500, 784)|(784, 256)|11|5|15|0.3186807632446289
(500, 784)|(784, 256)|11|5|16|0.3289060592651367
(500, 784)|(784, 256)|11|5|17|0.259631872177124
(500, 784)|(784, 256)|11|5|18|0.32654786109924316
(500, 784)|(784, 256)|11|5|19|0.3224339485168457
(500, 784)|(784, 256)|11|5|20|0.26694202423095703
(500, 784)|(784, 256)|11|5|21|0.31210923194885254
(500, 784)|(784, 256)|11|5|22|0.29970216751098633
(500, 784)|(784, 256)|11|5|23|0.32358598709106445
(500, 784)|(784, 256)|11|5|24|0.30085110664367676
(500, 784)|(784, 256)|11|5|25|0.318803071975708
(500, 784)|(784, 256)|11|5|26|0.32866382598876953
(500, 784)|(784, 256)|11|5|27|0.36501598358154297
(500, 784)|(784, 256)|11|5|28|0.2989170551300049
(500, 784)|(784, 256)|11|5|29|0.3298368453979492
(500, 784)|(784, 256)|11|5|30|0.2609832286834717
(500, 784)|(784, 256)|11|5|31|0.23684096336364746
(500, 784)|(784, 256)|11|5|32|0.37009096145629883
(500, 784)|(784, 256)|11|6|7|0.26450300216674805
(500, 784)|(784, 256)|11|6|8|0.3194460868835449
(500, 784)|(784, 256)|11|6|9|0.34380602836608887
(500, 784)|(784, 256)|11|6|10|0.3322439193725586
(500, 784)|(784, 256)|11|6|11|0.3381991386413574
(500, 784)|(784, 256)|11|6|12|0.28955602645874023
(500, 784)|(784, 256)|11|6|13|0.3345918655395508
(500, 784)|(784, 256)|11|6|14|0.3481869697570801
(500, 784)|(784, 256)|11|6|15|0.33676600456237793
(500, 784)|(784, 256)|11|6|16|0.3390998840332031
(500, 784)|(784, 256)|11|6|17|0.29053807258605957
(500, 784)|(784, 256)|11|6|18|0.3092072010040283
(500, 784)|(784, 256)|11|6|19|0.3056480884552002
(500, 784)|(784, 256)|11|6|20|0.2929069995880127
(500, 784)|(784, 256)|11|6|21|0.2411201000213623
(500, 784)|(784, 256)|11|6|22|0.3294820785522461
(500, 784)|(784, 256)|11|6|23|0.31769418716430664
(500, 784)|(784, 256)|11|6|24|0.2931399345397949
(500, 784)|(784, 256)|11|6|25|0.32735514640808105
(500, 784)|(784, 256)|11|6|26|0.29270029067993164
(500, 784)|(784, 256)|11|6|27|0.42415285110473633
(500, 784)|(784, 256)|11|6|28|0.3505430221557617
(500, 784)|(784, 256)|11|6|29|0.29619789123535156
(500, 784)|(784, 256)|11|6|30|0.422238826751709
(500, 784)|(784, 256)|11|6|31|0.3364231586456299
(500, 784)|(784, 256)|11|6|32|0.3524947166442871
(500, 784)|(784, 256)|11|7|8|0.3234081268310547
(500, 784)|(784, 256)|11|7|9|0.37789487838745117
(500, 784)|(784, 256)|11|7|10|0.29138875007629395
(500, 784)|(784, 256)|11|7|11|0.3260209560394287
(500, 784)|(784, 256)|11|7|12|0.3760199546813965
(500, 784)|(784, 256)|11|7|13|0.2951359748840332
(500, 784)|(784, 256)|11|7|14|0.3138601779937744
(500, 784)|(784, 256)|11|7|15|0.3859572410583496
(500, 784)|(784, 256)|11|7|16|0.31887197494506836
(500, 784)|(784, 256)|11|7|17|0.3871421813964844
(500, 784)|(784, 256)|11|7|18|0.3160362243652344
(500, 784)|(784, 256)|11|7|19|0.30341410636901855
(500, 784)|(784, 256)|11|7|20|0.31955933570861816
(500, 784)|(784, 256)|11|7|21|0.3307688236236572
(500, 784)|(784, 256)|11|7|22|0.3401219844818115
(500, 784)|(784, 256)|11|7|23|0.2879798412322998
(500, 784)|(784, 256)|11|7|24|0.3183729648590088
(500, 784)|(784, 256)|11|7|25|0.2881431579589844
(500, 784)|(784, 256)|11|7|26|0.330385684967041
(500, 784)|(784, 256)|11|7|27|0.34119391441345215
(500, 784)|(784, 256)|11|7|28|0.3219931125640869
(500, 784)|(784, 256)|11|7|29|0.36408019065856934
(500, 784)|(784, 256)|11|7|30|0.28698015213012695
(500, 784)|(784, 256)|11|7|31|0.2512340545654297
(500, 784)|(784, 256)|11|7|32|0.35650205612182617
(500, 784)|(784, 256)|11|8|9|0.31770801544189453
(500, 784)|(784, 256)|11|8|10|0.2518441677093506
(500, 784)|(784, 256)|11|8|11|0.3138010501861572
(500, 784)|(784, 256)|11|8|12|0.2613413333892822
(500, 784)|(784, 256)|11|8|13|0.3185129165649414
(500, 784)|(784, 256)|11|8|14|0.30968809127807617
(500, 784)|(784, 256)|11|8|15|0.3288300037384033
(500, 784)|(784, 256)|11|8|16|0.35323023796081543
(500, 784)|(784, 256)|11|8|17|0.36606287956237793
(500, 784)|(784, 256)|11|8|18|0.35934877395629883
(500, 784)|(784, 256)|11|8|19|0.2368640899658203
(500, 784)|(784, 256)|11|8|20|0.3083310127258301
(500, 784)|(784, 256)|11|8|21|0.24991893768310547
(500, 784)|(784, 256)|11|8|22|0.28804898262023926
(500, 784)|(784, 256)|11|8|23|0.35158681869506836
(500, 784)|(784, 256)|11|8|24|0.2976210117340088
(500, 784)|(784, 256)|11|8|25|0.34134721755981445
(500, 784)|(784, 256)|11|8|26|0.31791019439697266
(500, 784)|(784, 256)|11|8|27|0.35016489028930664
(500, 784)|(784, 256)|11|8|28|0.2683730125427246
(500, 784)|(784, 256)|11|8|29|0.3136110305786133
(500, 784)|(784, 256)|11|8|30|0.2610511779785156
(500, 784)|(784, 256)|11|8|31|0.24996399879455566
(500, 784)|(784, 256)|11|8|32|0.3289148807525635
(500, 784)|(784, 256)|12|1|2|0.25815486907958984
(500, 784)|(784, 256)|12|1|3|0.26898717880249023
(500, 784)|(784, 256)|12|1|4|0.31442713737487793
(500, 784)|(784, 256)|12|1|5|0.28372883796691895
(500, 784)|(784, 256)|12|1|6|0.26534104347229004
(500, 784)|(784, 256)|12|1|7|0.36565589904785156
(500, 784)|(784, 256)|12|1|8|0.3387110233306885
(500, 784)|(784, 256)|12|1|9|0.37781286239624023
(500, 784)|(784, 256)|12|1|10|0.36354589462280273
(500, 784)|(784, 256)|12|1|11|0.3839731216430664
(500, 784)|(784, 256)|12|1|12|0.35755491256713867
(500, 784)|(784, 256)|12|1|13|0.32086706161499023
(500, 784)|(784, 256)|12|1|14|0.4557039737701416
(500, 784)|(784, 256)|12|1|15|0.28902602195739746
(500, 784)|(784, 256)|12|1|16|0.3091146945953369
(500, 784)|(784, 256)|12|1|17|0.264542818069458
(500, 784)|(784, 256)|12|1|18|0.30797314643859863
(500, 784)|(784, 256)|12|1|19|0.3130068778991699
(500, 784)|(784, 256)|12|1|20|0.29243993759155273
(500, 784)|(784, 256)|12|1|21|0.2987251281738281
(500, 784)|(784, 256)|12|1|22|0.31644368171691895
(500, 784)|(784, 256)|12|1|23|0.32993268966674805
(500, 784)|(784, 256)|12|1|24|0.31897497177124023
(500, 784)|(784, 256)|12|1|25|0.32921910285949707
(500, 784)|(784, 256)|12|1|26|0.30409812927246094
(500, 784)|(784, 256)|12|1|27|0.3159768581390381
(500, 784)|(784, 256)|12|1|28|0.25525403022766113
(500, 784)|(784, 256)|12|1|29|0.3186030387878418
(500, 784)|(784, 256)|12|1|30|0.30368804931640625
(500, 784)|(784, 256)|12|1|31|0.24646902084350586
(500, 784)|(784, 256)|12|1|32|0.2516942024230957
(500, 784)|(784, 256)|12|2|3|0.3166818618774414
(500, 784)|(784, 256)|12|2|4|0.37398290634155273
(500, 784)|(784, 256)|12|2|5|0.3790709972381592
(500, 784)|(784, 256)|12|2|6|0.31102991104125977
(500, 784)|(784, 256)|12|2|7|0.3030531406402588
(500, 784)|(784, 256)|12|2|8|0.3391871452331543
(500, 784)|(784, 256)|12|2|9|0.3156547546386719
(500, 784)|(784, 256)|12|2|10|0.35501599311828613
(500, 784)|(784, 256)|12|2|11|0.31530117988586426
(500, 784)|(784, 256)|12|2|12|0.2928469181060791
(500, 784)|(784, 256)|12|2|13|0.29947924613952637
(500, 784)|(784, 256)|12|2|14|0.29058313369750977
(500, 784)|(784, 256)|12|2|15|0.29999208450317383
(500, 784)|(784, 256)|12|2|16|0.261185884475708
(500, 784)|(784, 256)|12|2|17|0.3083620071411133
(500, 784)|(784, 256)|12|2|18|0.2950437068939209
(500, 784)|(784, 256)|12|2|19|0.2954392433166504
(500, 784)|(784, 256)|12|2|20|0.3541290760040283
(500, 784)|(784, 256)|12|2|21|0.2881641387939453
(500, 784)|(784, 256)|12|2|22|0.299365758895874
(500, 784)|(784, 256)|12|2|23|0.3003499507904053
(500, 784)|(784, 256)|12|2|24|0.26099467277526855
(500, 784)|(784, 256)|12|2|25|0.3246307373046875
(500, 784)|(784, 256)|12|2|26|0.36780714988708496
(500, 784)|(784, 256)|12|2|27|0.3147099018096924
(500, 784)|(784, 256)|12|2|28|0.30782079696655273
(500, 784)|(784, 256)|12|2|29|0.32559728622436523
(500, 784)|(784, 256)|12|2|30|0.28310394287109375
(500, 784)|(784, 256)|12|2|31|0.36455297470092773
(500, 784)|(784, 256)|12|2|32|0.2864501476287842
(500, 784)|(784, 256)|12|3|4|0.3893909454345703
(500, 784)|(784, 256)|12|3|5|0.31850695610046387
(500, 784)|(784, 256)|12|3|6|0.31948208808898926
(500, 784)|(784, 256)|12|3|7|0.34406089782714844
(500, 784)|(784, 256)|12|3|8|0.32186436653137207
(500, 784)|(784, 256)|12|3|9|0.3326389789581299
(500, 784)|(784, 256)|12|3|10|0.349743127822876
(500, 784)|(784, 256)|12|3|11|0.33914971351623535
(500, 784)|(784, 256)|12|3|12|0.34426379203796387
(500, 784)|(784, 256)|12|3|13|0.30718111991882324
(500, 784)|(784, 256)|12|3|14|0.29230499267578125
(500, 784)|(784, 256)|12|3|15|0.29843783378601074
(500, 784)|(784, 256)|12|3|16|0.24077415466308594
(500, 784)|(784, 256)|12|3|17|0.32933497428894043
(500, 784)|(784, 256)|12|3|18|0.30800509452819824
(500, 784)|(784, 256)|12|3|19|0.3214378356933594
(500, 784)|(784, 256)|12|3|20|0.298353910446167
(500, 784)|(784, 256)|12|3|21|0.3410067558288574
(500, 784)|(784, 256)|12|3|22|0.29705810546875
(500, 784)|(784, 256)|12|3|23|0.2913699150085449
(500, 784)|(784, 256)|12|3|24|0.26325297355651855
(500, 784)|(784, 256)|12|3|25|0.27583813667297363
(500, 784)|(784, 256)|12|3|26|0.2825138568878174
(500, 784)|(784, 256)|12|3|27|0.25265002250671387
(500, 784)|(784, 256)|12|3|28|0.22677278518676758
(500, 784)|(784, 256)|12|3|29|0.2898690700531006
(500, 784)|(784, 256)|12|3|30|0.3131089210510254
(500, 784)|(784, 256)|12|3|31|0.31560802459716797
(500, 784)|(784, 256)|12|3|32|0.3199141025543213
(500, 784)|(784, 256)|12|4|5|0.39142298698425293
(500, 784)|(784, 256)|12|4|6|0.3016519546508789
(500, 784)|(784, 256)|12|4|7|0.3516209125518799
(500, 784)|(784, 256)|12|4|8|0.3455228805541992
(500, 784)|(784, 256)|12|4|9|0.4148411750793457
(500, 784)|(784, 256)|12|4|10|0.36226916313171387
(500, 784)|(784, 256)|12|4|11|0.25866103172302246
(500, 784)|(784, 256)|12|4|12|0.2554800510406494
(500, 784)|(784, 256)|12|4|13|0.2446742057800293
(500, 784)|(784, 256)|12|4|14|0.30999088287353516
(500, 784)|(784, 256)|12|4|15|0.3424949645996094
(500, 784)|(784, 256)|12|4|16|0.30637407302856445
(500, 784)|(784, 256)|12|4|17|0.3485090732574463
(500, 784)|(784, 256)|12|4|18|0.31307506561279297
(500, 784)|(784, 256)|12|4|19|0.35580897331237793
(500, 784)|(784, 256)|12|4|20|0.27614474296569824
(500, 784)|(784, 256)|12|4|21|0.348599910736084
(500, 784)|(784, 256)|12|4|22|0.2805061340332031
(500, 784)|(784, 256)|12|4|23|0.3258321285247803
(500, 784)|(784, 256)|12|4|24|0.27894020080566406
(500, 784)|(784, 256)|12|4|25|0.23401284217834473
(500, 784)|(784, 256)|12|4|26|0.31429195404052734
(500, 784)|(784, 256)|12|4|27|0.32630205154418945
(500, 784)|(784, 256)|12|4|28|0.3168468475341797
(500, 784)|(784, 256)|12|4|29|0.2998490333557129
(500, 784)|(784, 256)|12|4|30|0.3649871349334717
(500, 784)|(784, 256)|12|4|31|0.2653939723968506
(500, 784)|(784, 256)|12|4|32|0.32183289527893066
(500, 784)|(784, 256)|12|5|6|0.29850316047668457
(500, 784)|(784, 256)|12|5|7|0.2802600860595703
(500, 784)|(784, 256)|12|5|8|0.327894926071167
(500, 784)|(784, 256)|12|5|9|0.26041388511657715
(500, 784)|(784, 256)|12|5|10|0.29761314392089844
(500, 784)|(784, 256)|12|5|11|0.3347897529602051
(500, 784)|(784, 256)|12|5|12|0.2711827754974365
(500, 784)|(784, 256)|12|5|13|0.27301788330078125
(500, 784)|(784, 256)|12|5|14|0.32563304901123047
(500, 784)|(784, 256)|12|5|15|0.3256540298461914
(500, 784)|(784, 256)|12|5|16|0.33550000190734863
(500, 784)|(784, 256)|12|5|17|0.38335323333740234
(500, 784)|(784, 256)|12|5|18|0.28989195823669434
(500, 784)|(784, 256)|12|5|19|0.2745962142944336
(500, 784)|(784, 256)|12|5|20|0.26006412506103516
(500, 784)|(784, 256)|12|5|21|0.2877488136291504
(500, 784)|(784, 256)|12|5|22|0.33488893508911133
(500, 784)|(784, 256)|12|5|23|0.2891988754272461
(500, 784)|(784, 256)|12|5|24|0.30609583854675293
(500, 784)|(784, 256)|12|5|25|0.2795290946960449
(500, 784)|(784, 256)|12|5|26|0.27623510360717773
(500, 784)|(784, 256)|12|5|27|0.2632160186767578
(500, 784)|(784, 256)|12|5|28|0.3038668632507324
(500, 784)|(784, 256)|12|5|29|0.3221719264984131
(500, 784)|(784, 256)|12|5|30|0.31392478942871094
(500, 784)|(784, 256)|12|5|31|0.29034972190856934
(500, 784)|(784, 256)|12|5|32|0.27297496795654297
(500, 784)|(784, 256)|12|6|7|0.2976722717285156
(500, 784)|(784, 256)|12|6|8|0.28476905822753906
(500, 784)|(784, 256)|12|6|9|0.3123760223388672
(500, 784)|(784, 256)|12|6|10|0.320235013961792
(500, 784)|(784, 256)|12|6|11|0.34775710105895996
(500, 784)|(784, 256)|12|6|12|0.3304131031036377
(500, 784)|(784, 256)|12|6|13|0.2916128635406494
(500, 784)|(784, 256)|12|6|14|0.32905077934265137
(500, 784)|(784, 256)|12|6|15|0.2652711868286133
(500, 784)|(784, 256)|12|6|16|0.3001260757446289
(500, 784)|(784, 256)|12|6|17|0.3060481548309326
(500, 784)|(784, 256)|12|6|18|0.32196521759033203
(500, 784)|(784, 256)|12|6|19|0.2982311248779297
(500, 784)|(784, 256)|12|6|20|0.33359837532043457
(500, 784)|(784, 256)|12|6|21|0.3103311061859131
(500, 784)|(784, 256)|12|6|22|0.2801368236541748
(500, 784)|(784, 256)|12|6|23|0.2863140106201172
(500, 784)|(784, 256)|12|6|24|0.32160210609436035
(500, 784)|(784, 256)|12|6|25|0.3737940788269043
(500, 784)|(784, 256)|12|6|26|0.3814520835876465
(500, 784)|(784, 256)|12|6|27|0.3112938404083252
(500, 784)|(784, 256)|12|6|28|0.28212594985961914
(500, 784)|(784, 256)|12|6|29|0.30573105812072754
(500, 784)|(784, 256)|12|6|30|0.32357072830200195
(500, 784)|(784, 256)|12|6|31|0.29903483390808105
(500, 784)|(784, 256)|12|6|32|0.28791117668151855
(500, 784)|(784, 256)|12|7|8|0.33080410957336426
(500, 784)|(784, 256)|12|7|9|0.32363414764404297
(500, 784)|(784, 256)|12|7|10|0.28494691848754883
(500, 784)|(784, 256)|12|7|11|0.3561079502105713
(500, 784)|(784, 256)|12|7|12|0.3750612735748291
(500, 784)|(784, 256)|12|7|13|0.31633591651916504
(500, 784)|(784, 256)|12|7|14|0.31383395195007324
(500, 784)|(784, 256)|12|7|15|0.3024771213531494
(500, 784)|(784, 256)|12|7|16|0.2801637649536133
(500, 784)|(784, 256)|12|7|17|0.37993669509887695
(500, 784)|(784, 256)|12|7|18|0.3274810314178467
(500, 784)|(784, 256)|12|7|19|0.28064775466918945
(500, 784)|(784, 256)|12|7|20|0.3619558811187744
(500, 784)|(784, 256)|12|7|21|0.3276090621948242
(500, 784)|(784, 256)|12|7|22|0.3562800884246826
(500, 784)|(784, 256)|12|7|23|0.3122749328613281
(500, 784)|(784, 256)|12|7|24|0.3072957992553711
(500, 784)|(784, 256)|12|7|25|0.3586440086364746
(500, 784)|(784, 256)|12|7|26|0.3596210479736328
(500, 784)|(784, 256)|12|7|27|0.2687869071960449
(500, 784)|(784, 256)|12|7|28|0.2651200294494629
(500, 784)|(784, 256)|12|7|29|0.26117610931396484
